firstname,lastname
Gwenneth,Reinke
Jean,Forrer
Debee,Ferrell
Corene,Ferino
Corry,Krystle
Catrina,Avi
Catrina,Stuart
Sabina,Payson
Leona,Colbert
Arlena,Warthman
Alleen,Ader
Reeba,Redmond
Phylis,Oriana
Ashlee,Brodench
Mireielle,Ilka
Shel,Baptlsta
Leontine,Alice
Vivia,Rogerio
Randa,Arquit
Anica,Chabot
Layla,Wareing
Dotty,Berne
Moyna,Dorcy
Jaclyn,Noelyn
Dale,Gaulin
Lilith,Raychel
Libbie,Mauer
Ayn,Blase
Myrtice,Braun
Tera,Carleen
Ginnie,Carolin
Josephine,Imelida
Kirbee,Lattie
Helena,Hillel
Molli,Bakerman
Zondra,Shields
Anica,Sibyls
Steffane,Maurine
Ana,Love
Lory,Felizio
Gwenneth,Danby
Mireielle,Stevy
Reeba,Shaver
Stacey,Plato
Jaclyn,Bonilla
Gisela,Milson
Albertina,Fitzsimmons
Nariko,Norrie
Heida,Kendrick
Tori,Cimbura
Kerrin,Mehalek
Heddie,Morrill
Rebeca,Smitt
Roberta,Melony
Tabbatha,Ilka
Maryellen,Chinua
Melanie,Madox
Catrina,Adrienne
Lacie,Stelle
Mildrid,Dowski
Monika,Rugen
Gisela,Jacinda
Charlena,Manolo
Merci,Bearnard
Rhea,Hazlett
Olwen,Ajay
Imojean,Gombach
Willetta,Maribeth
Diena,Niccolo
Kirbee,Ophelia
Ardys,Camden
Clo,Tybald
Verla,Granoff
Roberta,Leffen
Phedra,Bethany
Suzette,Gunn
Cordi,Heidt
Kial,O'Rourke
Meghann,Caitlin
Carree,Hailee
Regina,Cherianne
Justinn,Florina
Lulita,Henrie
Cristabel,Gaynor
Ana,Goldina
Raina,Llovera
Deedee,Tannie
Benita,Waite
Lelah,Noam
Ernesta,Pillsbury
Elmira,Ambrosia
Catrina,Charity
Codie,Fitzsimmons
Delilah,Ashok
Nickie,Campball
Dode,Wadell
Larine,Zina
Moyna,Erlandson
Mildrid,Constancy
Frances,Merat
Marnia,Gower
Maye,Alrich
Atlanta,Socha
Mildrid,Kazimir
Annecorinne,Goth
Norine,Rosette
Lanna,Poll
Aurore,Neils
Lisette,Chandler
Carlie,Lenny
Penelopa,Allys
Korrie,McGrody
Lita,Pandolfi
Chandra,Lunsford
Carmencita,Junie
Jessy,Burkle
Ekaterina,Helfand
Charlena,Tufts
Letizia,Rodmann
Hildegaard,Niles
Annice,Payson
Stevana,Marlie
Carlie,Brandice
Hyacinthe,Junie
Winny,Wilona
Janey,Rodmann
Jackie,Ovid
Meg,Schalles
Morganica,Sacken
Jolyn,Tjon
Penelopa,Nea
Vere,Lea
Charmaine,Hutchison
Sean,Fax
Blake,Raimondo
Elka,Wallis
Gabi,Adore
Sandie,Margarete
Nelle,Nea
Berta,Autrey
Keelia,Kinnard
Nataline,Skurnik
Shell,Arley
Helsa,Kenney
Jolyn,Maribeth
Nonnah,Tarrant
Daryl,Chauncey
Sadie,Hoenack
Tybie,Rugen
Arlina,Zaslow
Ekaterina,Allina
Elvira,Maisey
Tatiania,Yerkovich
Lacie,Ilka
Nelle,Martguerita
Feliza,Friede
Aurelie,Kiyoshi
Ada,Moina
Tera,Bigner
Steffane,Mallon
Candy,Ferrell
Dorice,Lymann
Brooks,Couture
Gilda,Odysseus
Roslyn,Calhoun
Gale,Emanuel
Gale,Valoniah
Alexine,Carmena
Jessamyn,Colyer
Lacie,Rona
Gusella,Toni
Viki,Jotham
Stephanie,Christine
Zaria,Etom
Cassondra,Desai
Kerrin,Lail
Keelia,Craggie
Hettie,Loleta
Beverley,Jefferey
Nikki,Maxi
Elka,Waldron
Adelle,Waldron
Eolanda,Carbo
Bertine,Minetta
Lanae,Lenny
Netty,Lewes
Fred,Tufts
Millie,Kinnard
Jorry,Ogren
Gerrie,Aldric
Mignon,Havens
Maurene,Roxanna
Viviene,Syd
Edith,Kirbee
Janey,Ackerley
Marnia,Pierette
Layla,Brackely
Katharina,Jerold
Brynna,Lattie
Lucille,Brittani
Basia,Berriman
Caryl,Martguerita
Jenilee,Si
Amii,Fax
Lynde,Jacqui
Hyacinthe,Drisko
Hildegaard,Jorgan
Yvonne,Iphlgenia
Blinni,Libna
Mildrid,Brady
Silvana,Tomasina
Ruthe,Jenness
Etta,Geffner
Dorene,Adlare
Halette,Buckler
Cherilyn,Clarissa
Selma,Kesley
Randa,Susannah
Ilse,Woodberry
Delilah,Michella
Tersina,Ethban
Petronia,Lane
Elyssa,Ries
Zia,Susannah
Dale,Pearse
Elora,Jammal
Robinia,Geffner
Tori,Arvo
Nariko,Sheng
Emylee,Hourigan
Caryl,Mitzi
Sharai,Alexandr
Jillayne,Marisa
Rosene,Jerald
Cassandra,Meli
Aurore,Sawtelle
Carilyn,Milson
Tierney,Clie
Sissy,Abram
Karena,Seligman
Blondelle,Loring
Fidelia,Mitzi
Frances,Brotherson
Marinna,Zetta
Livvyy,Lory
Farrah,Cadmar
Netty,Kenwood
Stephanie,Raul
Estell,Berne
Nicoli,Trinetta
Peri,Himelman
Katleen,Delacourt
Ardys,Klotz
Teriann,Ingra
Stacey,Emmy
Tybie,Kamaria
Elora,Xerxes
Ekaterina,Karl
Helsa,Hathaway
Tierney,Philoo
Bertine,Nea
Sashenka,Ralfston
Anallese,Johanna
Codie,Ramona
Katleen,Rodmann
Lexine,Damarra
Leeanne,Helve
Aubrie,Audly
Pierette,Merat
Maryellen,Xerxes
Petronia,Jobi
Clarice,Frodi
Gretal,Lail
Lisette,Johnsson
Margalo,Ardeha
Amelia,Havens
Julieta,Lynn
Pamella,Mandler
Candy,Charity
Talya,Garbe
Fina,Rillings
Myrtice,Ries
Rayna,Buckler
Rosaline,Henrie
Susan,Sophronia
Devina,Audly
Steffane,Christal
Wanda,Posner
Riannon,Rolf
Dagmar,Carri
Lanna,Orlene
Rayna,Manolo
Judy,Erich
Agathe,Gaynor
Gale,Tacye
Rebeca,Susannah
Mellicent,Dichy
Laurene,Zeeba
Renie,Greenwald
Nelle,Gilmour
Yolane,Hartnett
Consuela,Raychel
Rosaline,Trey
June,Dom
Layla,Wenda
Natka,Kazimir
Edith,Hunfredo
Jany,Iiette
Jordan,Tillford
Roslyn,Rese
Johna,Fiester
Lenna,Toni
Karena,Joeann
Judy,Brunell
Chickie,Iaverne
Lexine,Lissi
Adele,Bow
Susan,Henrie
Talya,Zetta
Moyna,Gibbeon
Barbara,Revkah
Madalyn,Harl
Tobe,Cordi
Hollie,Raffo
Dyann,Clywd
Nelle,Medrek
Reeba,Remmer
Lyssa,Thar
Zaria,Marijo
Nataline,Belldas
Marinna,Malanie
Cam,Shirberg
Clo,Ingra
Anica,Sprage
Gabi,Gale
Evaleen,Sherfield
Heddie,Bach
Annabela,Oster
Grier,Caitlin
Allyce,Janith
Vanessa,Kimmie
Suzette,Gower
Libbie,Secrest
Alie,Lory
Valeda,Sigfrid
Merle,Durware
Gratia,Koehler
Kristina,Japeth
Jerry,Aprile
Meg,Hurley
Consuela,Jobi
Mignon,Gilbertson
Gusella,Amadas
Rosene,Eckblad
Lacie,Parsaye
Madalyn,Goode
Elyssa,Kravits
Lorie,Kunin
Alleen,Bendick
Desirae,Whittaker
Rayna,Colleen
Arlena,Argus
Marjie,Larochelle
Ezmeralda,Belldas
Ronna,Goth
Max,Kiyoshi
Ethel,Amadas
Tarra,Malina
Julieta,Bebe
Dolli,Morgun
Winifred,Madaih
Kore,Suk
Corene,Durante
Elyssa,Nore
Nannie,Ovid
Oona,Kesley
Leia,Sheng
Dotty,Rosette
Alexine,Rosalba
Mureil,Mandler
Lynnea,Whiffen
Katleen,Toni
Charlena,Lail
Kamilah,Nance
Oralee,Frodi
Jolyn,Edmund
Nataline,Lumbard
Allis,Idelia
Max,Serilda
Alleen,Hertzfeld
Carlie,Ehrman
Starla,Herrera
Ebonee,Camden
Delilah,Zachary
Jean,Guthrie
Dale,Guthrie
Frieda,Therine
Florencia,Tristram
Jasmina,Lanita
Mahalia,Weaks
Lenna,Trinetta
Alia,Blase
Paule,Terrence
Agathe,McLaughlin
Yetty,Center
Clementine,Schroth
Oona,Bartlett
Dennie,Meli
Suzette,Rheingold
Dominga,Halsey
Lynea,Barbey
Lynea,Beniamino
Estell,Giff
Marsiella,Mathilde
Asia,Albertine
Caritta,Phaidra
Constance,Tyson
Ekaterina,Arne
Lolita,Etom
Dari,Isacco
Jean,Sandye
Trudie,Fleeta
Marti,Brotherson
Inga,Naor
Maurene,Pyle
Clementine,Morrill
Fina,Pelagias
Dominga,Gombach
Renae,Revkah
Gusella,Odell
Hollie,Libna
Juliane,Tristram
Dotty,Hirsch
Veda,Callista
Hettie,Catie
Karena,Lynn
Emelina,Dimitris
Frank,Blisse
Annaliese,Lipson
Sheree,Publia
Angelique,Susannah
Gabriellia,Heisel
Alyssa,Slifka
Cherilyn,Felizio
Harrietta,Halsey
Marleah,Merat
Chastity,Kristi
Emylee,Sharl
Sophia,Cherianne
Violet,Devlen
Jemie,Earlie
Leia,Kaja
Cecile,Erminia
Gwenneth,Meter
Lily,Ingra
Lyssa,Ailyn
Raina,Rad
Elbertina,Brotherson
Luci,Madaih
Gusella,Vorster
Lorie,Giule
Joane,Janith
Alyda,Goth
Lenna,Jefferey
Shel,Oster
Kaia,Granoff
Corry,Lory
Amii,Etom
Luci,Ciapas
Olwen,Audly
Doro,Birdella
Candi,Codding
Annice,Weide
Rebeca,Isacco
Jaclyn,Dom
Carmencita,Damarra
Kore,Astra
Joelly,Darrell
Charmaine,Nester
Elsie,Behre
Ericka,Mendez
Johna,Melleta
Nataline,Sophronia
Yolane,Syd
Karolina,Han
Dennie,Faust
Ardys,Merat
Esmeralda,Martguerita
Annora,Nicoline
Rhea,Cyrie
Kristan,Oneida
Tiffie,Briney
Belinda,Thar
Margalo,Pulsifer
Marsiella,Chesna
Inga,Darian
Layla,Gilmour
Claresta,Schenck
Jacquetta,Winnick
Roz,Blase
Florencia,Aurelio
Tera,Dosia
Phedra,Standing
Myriam,Emerson
Mara,Jary
Gabriellia,Pearse
Emylee,Weide
Randa,Meli
Hannis,Donell
Amii,Sadowski
Imojean,Hanleigh
Mathilda,Diogenes
Roslyn,Berriman
Dacia,Noman
Brena,Ardeha
Joelly,Junie
Damaris,Pulsifer
Consuela,Herrera
Merle,Gladstone
Emylee,Codding
Teddie,Garek
Vinita,Garlinda
Frances,Agle
Gloria,Ummersen
Hollie,Japeth
Candi,Wilona
Johna,Sundin
Alyda,Macey
Oona,Rebecka
Beverley,O'Rourke
Nollie,Gordon
Cassandra,Sancho
Nananne,Bates
Gloria,Glenden
Petronia,Jary
Dyann,Campball
Lynea,Christal
Dorene,Salchunas
Robbi,Brotherson
Hannis,Aaberg
Imojean,Sparhawk
Catharine,Schroth
Tierney,Evangelia
Meghann,Craggie
Deloria,Weinreb
Ariela,Kamaria
Danny,Sherfield
Ebonee,Harriman
Lila,Mayeda
Natka,Bashemeth
Alleen,Hebner
Adelle,Yusuk
Tracey,Tufts
Tersina,Charity
Margette,Stelle
Chere,Olympium
Doralynne,Tengdin
Brooks,Viddah
Adelle,Dalli
Elmira,Brodench
Celisse,Gladstone
Jacenta,Adalbert
Nerta,Brittani
Brena,Garbe
Sue,Kermit
Alia,Adrienne
Carmela,Whiffen
Rochette,Mauer
Romona,Mathilde
Valli,Berne
Loree,Winthorpe
Loree,Vale
Micheline,Chobot
Katharina,Gwenore
Yetty,Olin
Marnia,Briney
Lexine,Presber
Daphne,Adore
Mildrid,Westphal
Dotty,Jerald
Gale,Kare
Deloria,Lenny
Alisha,Jefferey
Jenda,Fiann
Pierette,Darbie
Nelle,Hunfredo
Amelia,Merna
Dede,Wilkinson
Emylee,Gillan
Heddie,Kendrick
Lita,Hurley
Fernande,Gabrielli
Gratia,Catie
Adore,Imelida
Morganica,Corilla
Lenna,Yorick
Janey,Marisa
Drucie,Ruvolo
Frank,Campball
Lucy,Elvyn
Genevra,Eckblad
Cecile,Gabrielli
Morganica,Wadell
Ottilie,Nisbet
Elsie,Philoo
Sissy,Fontana
Kirstin,Chrystel
Sibella,Hoenack
Maisey,Lowry
Odessa,Cohdwell
Emylee,Aaberg
Ardeen,Donoghue
Gavrielle,Lindemann
Paola,Ardra
Isa,Allys
Nananne,Hewitt
Lauryn,Llovera
Marika,Santoro
Phylis,Durware
Emmey,Modie
Kimmy,Hurley
Trudie,Pitt
Marti,Strephon
Joelly,Pandolfi
Alia,Sabella
Myriam,McGrody
Clarice,Atcliffe
Ingrid,Bibi
Rori,Poll
Tiffie,Greenwald
Lindie,Amand
Celestyna,Forrer
Florencia,Lindemann
Carree,Plato
Alejandra,Durante
Maisey,O'Carroll
Di,Fredi
Lacie,Mandler
Carly,Cookie
Emma,Odell
Bee,Burkle
Caressa,Ashok
Dorthy,Ivens
Taffy,Concha
Mureil,LaRue
Heddie,Kylander
Agnese,Colp
Ricky,Grobe
Dione,Goddard
Antonietta,Sharl
Bibby,Kirstin
Annora,Sibyls
Barbi,Roscoe
Gilligan,Wildermuth
Desirae,Edvard
Kore,Randene
Evaleen,Chem
Mellicent,Shaver
Millie,Vivle
Lelah,Maurine
Deirdre,Koehler
Meghann,Clywd
Elsie,Gaspard
Sadie,Anselmi
Deloria,Malvino
Selma,Kimmie
Libbie,Ade
Kimberley,Sisile
Mariele,Irmine
Carolina,Eno
Riannon,Joni
Shannah,Beniamino
Rosaline,Chaing
Iseabal,Pascia
Christal,Presber
Minne,Carlson
Ileana,Aprile
Agnese,Roscoe
Nanete,Karl
Cacilie,Secrest
Vevay,Shanley
Trixi,Dom
Stephanie,Marsden
Cassandra,Brian
Ericka,Podvin
Jeanna,Haerr
Nannie,Arley
Micheline,Alabaster
Joelly,Ajay
Zia,Cynar
Jackie,Darrell
Blake,Neva
Sue,Chandler
Anthia,Trace
Mara,Burnside
Robbi,Shanley
Kate,Toor
Ilse,Carri
Anthia,Merna
Chandra,Damarra
Elena,Center
Karlee,Crudden
Chickie,Talia
Tina,Isacco
Silvana,Presber
Kathi,Sikorski
Ada,Marisa
Corly,Gregrory
Desirae,Magdalen
Karena,Allare
Sarette,Korey
Kristina,Fry
Clementine,Vernier
Jillayne,Alabaster
Sharai,Hilbert
Marnia,Dominy
Ayn,Pitt
Kore,Podvin
Althea,Goerke
Viviene,Yate
Deane,Waldron
Laurene,Schenck
Berget,Jethro
Rebeca,Orpah
Ayn,Garek
Darci,Hachmin
Dawn,Garbe
Stephanie,Braun
Etta,Waite
Esmeralda,Campball
Hermione,Bettine
Zondra,Kravits
Charmaine,Trace
Chloris,Joeann
Berget,Nelsen
Teriann,Peonir
Carolina,Rudolph
June,Charity
Kirstin,Hieronymus
Tobe,Tiffa
Blinni,Georgy
Merci,Riva
Mureil,Oscar
Louella,Love
Latisha,Diogenes
Gaylene,Selway
Karolina,Ralfston
Evaleen,Wallis
Mureil,Percy
Rayna,Shama
Lesly,McAdams
Raina,Gamaliel
Ayn,Cottle
Fanchon,Flita
Louella,Hylan
Randa,Jagir
Sheelagh,Primalia
Camile,Susannah
Dale,Westphal
Celene,Lucienne
Ricky,Georas
Mamie,Bollay
Joelly,Sparhawk
Agnese,Grobe
Gabi,Forrer
Ernesta,Garbe
Lilith,Hathaway
Stephanie,Gower
Christian,Reinke
Minda,Hermes
Allis,Markman
Wendi,Waite
Chere,Kaja
Letizia,Niccolo
Adore,Ietta
Rochette,Stav
Sashenka,Quent
Halette,Cloris
Camile,Nedrud
Fernande,Mendez
Mureil,Narton
Lexine,Melleta
Wendi,Alisia
Gui,Syd
Philis,Hoban
Keelia,Gillan
Lita,Adamsen
Lily,Hanleigh
Gilda,Kravits
Florencia,Bonucci
Augustine,Fax
Eve,Kare
Inga,Rodmann
Mallory,Matthew
Beth,Moina
Tressa,Phyllis
Delilah,Killigrew
Hope,Flita
Roberta,Gino
Roz,Peonir
Romona,Miru
Georgina,Teddman
Bee,Turne
Jobi,McCutcheon
Clarice,Ariella
Mureil,Leffen
Amelia,Tjon
Wendi,Woodberry
Gaylene,Nickola
Dolli,Goddard
Dacia,Mathilde
Pearline,Durware
Britni,Saint
Kathi,Publia
Gratia,August
Cam,Hashim
Cyndie,Damarra
Agnese,Meli
Clarice,Stelle
Karly,Harriman
Vevay,Lalitta
Coral,Montgomery
Jessamyn,Ciapas
Elsie,Yam
Nerta,Celestine
Kayla,Jobi
Chrystel,Francene
Cathyleen,Sisile
Wilma,Pelagias
Ursulina,Anyah
Cacilie,Adalbert
Aigneis,Woodberry
Michaelina,Tamsky
Sybille,Terencio
Tobe,Middleton
Mallory,Dyche
Cacilie,Bonucci
Goldie,Sidonius
Monika,Lamoree
Lyssa,Calhoun
Lucy,Emmaline
Tamqrah,Trey
Starla,Weitman
Siana,Wenoa
Juliane,Harned
Natka,Jethro
Violet,Fancie
Marita,Connelly
Lorne,Karylin
Hayley,Chick
Trixi,Bertold
Wanda,Shanley
Sibella,Lareena
Ardys,Colleen
Correy,Kussell
Joeann,Lia
Sabina,Ludewig
Yolane,Barrus
Lelah,Federica
Vivia,Bronk
Gui,Maisey
Corry,Zrike
Roz,Vivle
Tierney,Nance
Wendi,Emerson
Doralynne,Chapland
Barbi,Lia
Edee,Grimbly
Dale,Franza
Sherrie,Terrence
Alisha,Weide
Millie,Jaylene
Evita,Zuzana
Binny,Kravits
Ebonee,Erich
Krystle,Gabrielli
Natka,Mayeda
Estell,Giff
Florencia,Avi
Hettie,Wolfgram
Gilligan,Dahlia
Iseabal,Kravits
Dione,Kat
Heida,Lory
Tori,Weaks
Heida,Dituri
Bernie,Hanshaw
Dennie,Chapland
Agathe,Shelba
Juliane,Johnsson
Margalo,Rheingold
Bobbi,Roxanna
Mamie,Sancho
Mureil,Pelagias
Drucie,Dearborn
Gabriellia,Tryck
Jillayne,O'Carroll
Elyssa,Burnside
Melanie,Dex
Marnia,Bates
Harmonia,LaRue
Paulita,Alabaster
Barbi,Melleta
Aaren,Gino
Sharlene,Abbot
Gisela,Oscar
Arabel,Serilda
Mireielle,Stanwood
Tersina,Haymes
Jobi,Christine
Paola,Quinn
Nataline,Saree
Tina,Vastah
Bee,Christal
Libbie,Toor
Belinda,Jacinda
Chandra,Silvan
Tarra,Truc
Gisela,Vacuva
Joy,O'Carroll
Ekaterina,Bethany
Althea,Clarissa
Siana,Rosemary
Clementine,Virgin
Camile,Merat
Korrie,Tristram
Shannah,Ader
Emelina,O'Rourke
Annaliese,Elbertina
Carlie,Liebermann
Tera,Yam
Elsie,Tayib
Chickie,Callista
Aili,Lasley
Giustina,Sinegold
Jaime,Vary
Ethel,Shields
Ayn,Carbo
Tilly,Wareing
Melina,Terencio
Annecorinne,Kylander
Heida,Kenwood
Clary,Gavrila
Tersina,Ulphia
Drucie,Newell
Zsa Zsa,Vale
Orelia,Fennessy
Grier,Pelagias
Josephine,Faro
Shannah,Juliet
Ezmeralda,Nerita
Sonni,Seligman
Teddie,Fax
Veda,Smitt
Augustine,Cherianne
Wileen,Malina
Ottilie,Armanda
Tami,Cyrie
Nickie,Faro
Marylou,Dom
Pamella,Amasa
Bobinette,Erich
Frieda,Gaspard
Cordi,Azeria
Lolita,Beniamino
Bill,Christal
Calla,Dorcy
Alexine,Kat
Shel,Erich
Jsandye,Dosia
Andree,Yorick
Tomasina,Chrystel
Emelina,Nickola
Danika,Gaal
Viki,Fillbert
Addia,Claudine
Andree,Sherrie
Ermengarde,Thunell
Perry,Dreda
Vonny,Maryanne
Elbertina,Vharat
Bobinette,Jary
Aimil,Sherfield
Jacquetta,Buckler
Heddie,Maroney
Andeee,Linehan
Magdalena,Rhu
Ronna,Bates
Gilligan,Liva
Lynea,Voletta
Lizzie,Abbot
Aurore,Faria
Starla,Leopold
Inga,Lamoree
Valli,Freddi
Cordi,Alcott
Merry,Elephus
Karolina,Callista
Deloria,Kronfeld
Roz,Grobe
Bobinette,Brieta
Jinny,Sadowski
Ingrid,Engdahl
Shirlee,Corilla
Flo,Ardeha
Jordan,Marden
Cindelyn,Mich
Helsa,Cath
Elsie,Haldas
Jennica,Shirberg
Shaine,Eugenia
Elka,Candy
Cordi,Diogenes
Jorry,Vittoria
Henriette,Nadia
Dianemarie,Gaulin
Gusella,Chinua
Ardenia,Yorick
Carol-Jean,Aprile
Aili,Breed
Catrina,Kat
Charlena,Garek
Etta,Fax
Shaylyn,Wareing
Dorice,Gerge
Maud,Claudine
Merry,Franza
Elena,Quinn
Lily,Voletta
Raf,Haldas
Rhea,Euridice
Paulita,Clywd
Tamqrah,Chick
Augustine,Kolnick
Deirdre,Faso
Yolane,Mozelle
Nannie,Thar
Roseline,Pearse
Farrah,Allina
Benita,Oriana
Allyce,Hortensia
Blinni,Ethban
Misha,Thornburg
Deirdre,Duwalt
Adelle,Longfellow
Pollyanna,Torray
Janey,Wilkinson
Frank,Weide
Estell,Pandolfi
Daryl,Mallon
Correy,Kathie
Rivalee,Oriana
Ann-Marie,Yusuk
Lauryn,Ricarda
Linet,Velick
Hayley,Thornburg
Gerianna,Jacinda
Dianemarie,Nunci
Madelle,Talia
Gerrie,Hilbert
Sheelagh,Zeeba
Shandie,Tamsky
Jorry,Izaak
Inga,Bach
Kerrin,Lynn
Gloria,Natica
Kassey,Dyche
Fanny,Bonucci
Sheelagh,Erminia
Ann-Marie,Sancho
Marleah,Mozelle
Fernande,Lenny
Marline,Anderea
Debee,Bultman
Blinni,Prober
Diena,Jary
Celisse,Saree
Rayna,Amethist
Carmela,Arathorn
Margalo,Jethro
Pearline,Ailyn
Lila,Trace
Rhea,Jeanne
Dennie,Nedrud
Gabriellia,Dielu
Valeda,Iphlgenia
Emylee,Hutchison
Talya,Hepsibah
Joceline,Imelida
Ebonee,Couture
Tamqrah,Helfand
Aimil,McCutcheon
Lucy,Tjon
Sharai,Winthorpe
Randa,Kaete
Gratia,Means
Willetta,Liebermann
Merry,Gert
Mureil,Lucienne
Tamqrah,Linehan
Aurelie,Saint
Kial,Regan
Alia,Gino
Brietta,Gusella
Odessa,Hathaway
Gianina,Thad
Jobi,Bertold
Merci,Suanne
Nickie,Bord
Tatiania,Lesley
Katharina,Wildermuth
Goldie,Tengdin
Shauna,Geffner
Kathy,Lowry
Etta,Jehu
Vevay,Marijo
Leontine,Uund
Flo,Tjon
Basia,Gahl
Babita,Pillsbury
Nelle,Cosenza
Jolyn,Sigfrid
Courtnay,Sallyann
Benita,Nester
Tina,Sholley
Tilly,Raimondo
Nerta,Mandler
Kelly,Behre
Chastity,Johnsson
Celisse,Lipson
Jerry,Alrich
Nickie,Ledah
Carolina,Kirstin
Feliza,Margarete
Sindee,Stacy
Cyb,Olin
Annaliese,Allys
Gratia,Halsey
Eve,Rogerio
Lyssa,Dearborn
Concettina,Kolnick
Gretal,Paine
Fidelia,Olin
Millie,Letsou
Caressa,Hartnett
Joelly,Astra
Annaliese,Niccolo
Talya,Willie
Concettina,Dalli
Tilly,Meter
Lacie,Johanna
Elka,Ilka
Hope,Roxanna
Donnie,Ricki
Kaia,Harriman
Augustine,Gamaliel
Lelah,Thornburg
Nyssa,Alexandr
Viki,Shanley
Nicoli,Turne
Marnia,Emmaline
Fanchon,Simmonds
Lyssa,Smitt
Marnia,Loring
Aigneis,Danby
Averyl,Cath
Georgina,Liva
Lexine,Wiener
Shel,Firmin
Leeanne,Avi
Shandie,Vary
Tressa,McCutcheon
Corina,Verger
Kaja,Sholley
Fidelia,Brandice
Joy,Parsaye
Rivalee,Obed
Myriam,Ophelia
Damaris,Oster
Monika,Salvidor
Drucie,Daniele
Bernardine,Ivens
Sean,Christine
Edith,Kalinda
Chastity,Cherianne
Elise,Isidore
Dyann,Raul
Alie,Margarete
Queenie,Gregrory
Kate,Orlene
Malina,Gilmour
Tarra,Mathilde
Rivalee,Lamoree
Millie,Casimir
Marita,Roarke
Ivett,Gusella
Yolane,Lynn
Annice,Hutchison
Jerry,Keily
Carmencita,Olin
Marti,Noelyn
Hayley,Lytton
Sonni,Carvey
Kore,Lemuela
Fina,Lea
Elka,Linehan
Thalia,Hachmin
Emmey,Euridice
Alejandra,Ietta
Candi,Gilmour
Corry,Lanita
Sheree,My
Jasmina,Erich
Bernie,Laurianne
Etta,Elo
Ernesta,Hoenack
Cindelyn,Felizio
Nyssa,McNully
Tori,Cordi
Lacie,Slifka
Jere,Niles
Dorene,Lucienne
Sissy,Ricki
Chickie,Letsou
Emma,Clarissa
Kellen,Ranjiv
Sarette,Konyn
Damaris,Susannah
Arlina,Havens
Sandie,Minetta
Shandie,Daveta
Sarette,Read
Charissa,Berl
Odessa,Lory
Jean,Hazlett
Catharine,Joseph
Chere,Rosalba
Katleen,Gert
Melisent,Ezar
Dede,Hubert
Kayla,Faro
Nita,Ehrman
Kellen,Elisha
Vonny,Schonfeld
Rosabelle,Rossner
Justinn,Lymann
Teriann,Aprile
Marylou,Juan
Basia,Kiyoshi
Candy,Hollingsworth
Carree,Georgy
Marika,Guildroy
Alejandra,Francyne
Diena,Velick
Jeanna,Maroney
Livvyy,Bartlett
Coral,Hunfredo
Vonny,Trey
Caressa,Clywd
Renie,Kunin
Yetty,Charity
Collen,Halla
Cacilie,Lesley
Frances,Shelba
Trudie,Susannah
Deirdre,Tillford
Brandise,Ailyn
Jasmina,Bandeen
Chere,Susannah
Nananne,Howlyn
Coral,Norrie
Tarra,Nedrud
Suzette,Tarrant
Daune,Dichy
Zondra,Yam
Edee,Clarissa
Imojean,Neva
Jessamyn,Wandie
Louella,Ashok
Nessie,Uund
Allis,Grosz
Jany,Saree
Kerrin,Dulciana
Andree,Cornelia
Meg,Kress
Trudie,Isidore
Kial,Fiann
Evaleen,Koziara
Ann-Marie,Stover
Kial,Campball
Olwen,Sacken
Hildegaard,Couture
Helena,Barbey
Wynne,Ogren
Joeann,Velick
Lorenza,Suzetta
Di,Jenness
Christy,Cristi
Alyda,Valoniah
Aili,Rogerio
Kimberley,Sothena
Nananne,Madox
Tonia,Thema
Marguerite,Margarete
Gerianna,Chem
Charmaine,Chauncey
Susette,Annice
Eolanda,Elo
Lisette,Cohdwell
Chloris,Wilona
Lucille,Ezar
Orsola,Audly
Alejandra,Lanita
Selma,Heisel
Kristina,Joachim
Tiffie,Pauly
Cathie,Roxanna
June,Rooney
Chickie,Pond
Renie,Salvidor
Oralee,Sinegold
Angelique,Chick
Edyth,Magnolia
Stacey,Kenney
Sashenka,Korey
Anica,Imelida
Andree,Morehouse
Susette,Sisile
Damaris,Leler
Adelle,Han
Starla,Hailee
Melanie,Anyah
Selma,Colp
Maud,Grosz
Deloria,Sikorski
Dagmar,Melan
Merrie,Blisse
Lynde,Weaks
Raina,Alwin
Merry,Center
Allis,Roscoe
Ginnie,Wilona
Rayna,Juliet
Anthia,Ferino
Candy,Bord
Ottilie,Sparhawk
Rosene,Demitria
Tarra,Vharat
Kamilah,Barbey
Allis,Sasnett
Elena,Salchunas
Lanae,Whittaker
Brena,Hanshaw
Roseline,Shaddock
Renae,Chapland
Elfreda,Swanhildas
Barbara,Wiener
Therine,Girardo
Christal,Tremayne
Giustina,Cadmar
Wileen,Faust
Gusty,Gerge
Florencia,Alwin
Luci,Mott
Tera,Kannry
Marguerite,Roxanna
Sindee,Euridice
Aili,Bearnard
Blinni,Freddi
Juliane,Jefferey
Adele,Lattie
Selia,O'Neill
Nonnah,Love
Stevana,Tayib
Kirstin,Latini
Clary,Liebermann
Nadine,Berriman
Vivia,Nea
Gretal,Ardra
Candy,Pillsbury
Lelah,Tremayne
Rori,Chandler
Frank,Thunell
Daryl,Hirsch
Belinda,Buttaro
Ira,Mandler
Flo,Kiersten
Maridel,Luhe
Hannis,Monk
Myrtice,Ietta
Kate,Astra
Sara-Ann,Tybald
Gaylene,Martsen
Jenda,Hoban
Helena,Bord
Madelle,Thema
Meriel,Henebry
Brynna,Knowling
Cassandra,Kesley
Feliza,Baudin
Kerrin,Moseley
Kore,Hazlett
Kellen,Skell
Evita,Alexandr
Albertina,Rosette
Amalie,Elisha
Hildegaard,Raama
Melodie,McAdams
Berget,Sandye
Fanchon,Imelida
Jordan,Andrel
Ayn,Pernick
Delilah,Christal
Oralee,Catie
Brietta,Sekofski
Gabriellia,Rozanna
Mignon,Minetta
Angelique,Tristram
Kittie,Raimondo
Gerianna,Dawkins
Cathie,Briney
Adele,Schlosser
Drucie,Dowski
Genovera,Konyn
Aryn,Bibi
Evaleen,Gower
Lisette,Jacqui
Corene,Bury
Carmela,Junie
Johna,Blase
Lulita,Turne
Nicoli,Rad
Maryellen,Dermott
Willetta,Terencio
Addia,Cadmar
Willetta,Zina
Viki,Pernick
Deloria,Therine
Corene,Medrek
Ginnie,Rhu
Aili,Carey
Sindee,Madaih
Kore,Warthman
Rozele,Penelopa
Brietta,Fink
Hannis,Anis
Deane,Prouty
Vanessa,Garrison
Amara,Raimondo
Alyda,Hillel
Tonia,Hull
Valera,Allina
Dorice,Hurley
Melina,Chinua
Malina,Abbot
Caryl,Kevon
Silvana,Blisse
Glynnis,Lorain
Corene,Pip
Halette,Hull
Odessa,Rocray
Bobbi,Whiffen
Ida,Koehler
Isa,Fleeta
Ekaterina,Kelula
Celisse,Lorain
Kaja,Sammons
Jsandye,Vilma
Susan,Carmena
Sidoney,Publia
Daune,Desai
Sara-Ann,Hylan
Ida,Hailee
Drucie,Jorgan
Ginnie,Uird
Josephine,Vernier
Eve,Santoro
Dania,Weide
Teddie,Dearborn
Nita,Khorma
Romona,Girardo
Jacquetta,Lea
Margette,Bari
Keelia,Frodi
Cherrita,Forrer
Laure,Radu
Dacia,O'Carroll
Blondelle,Melleta
Linzy,Mandler
Sabina,Dreda
Lanna,Kimmie
Caritta,Kirbee
Janenna,Amadas
Clary,Hoenack
Pamella,Odysseus
Jeanna,Guthrie
Vanessa,Donell
Layla,Sheng
Heddie,Bury
Bill,Stephie
Roslyn,Teddman
Dawn,Estella
Marita,Monaco
Livvyy,Clie
Dennie,Federica
Josephine,Hewitt
Emilia,Stav
Adelle,Bergman
Deloria,Alice
Mignon,Germann
Bill,Peonir
Gabriellia,Sinegold
Rori,Devlen
Constance,Alisia
Melanie,Jalbert
Mallory,Pascia
Collen,Lamoree
Ursulina,Seumas
Nariko,Sophronia
Dorice,Brady
Gertrud,Cloris
Di,Nea
Heddie,Madaih
Isa,Kalinda
Wendi,Grobe
Basia,Florina
Shell,Tillford
Nerta,Suk
Ida,Wadell
Angela,Kannry
Mara,Phyllis
Ariela,Pillsbury
Randa,Fitzsimmons
Olwen,Phi
Lory,Lattie
Fernande,Abbot
Sallie,Gower
Lindie,Kazimir
Phedra,Aida
Adore,Ries
Linet,Fiester
Trixi,Millda
Morganica,Eno
Dari,Suk
Libbie,Stav
Arabel,Herrera
Sabina,Yuille
Blake,Gualtiero
Mariann,Riva
Melodie,Rheingold
Drucie,Israeli
Janenna,Pyle
Zondra,Berl
Rori,Pond
Lulita,Roumell
Merle,Winthorpe
Shel,Morehouse
Gusty,Diogenes
Aigneis,Yorick
Aaren,Teddman
Anica,Kimmie
Eolanda,Shelba
Renae,Iaverne
Sarette,Agle
Harrietta,Dash
Correy,Adalbert
Tera,Gibbeon
Emmey,Barrus
Kenna,Concha
Kate,Rheingold
Roberta,Sheedy
Katleen,Karylin
Orelia,Chapland
Ruthe,Nikaniki
Emma,Wilona
Dulcinea,Judye
Marita,Federica
Nananne,Vanni
Pollyanna,Thad
Gavrielle,Blake
Lita,Dimitris
Dennie,Kress
Krystle,Bevin
Amalie,Bari
Janeczka,Duwalt
Tomasina,Colp
Ursulina,Koehler
Phylis,Leonard
Dulcinea,Callista
Melanie,Gaynor
Katuscha,Kaete
Florie,Berl
Tatiania,Sibyls
Ronna,Gombach
Jessamyn,Philipp
Sadie,Corrine
Courtnay,Hashim
Cecile,Zetta
Tina,Abram
Nanete,Vorster
Tina,Oster
Gusella,Turne
Minne,Yate
Sharai,Sallyann
Kenna,Poppy
Deloria,LaRue
Addia,Read
Katleen,Craggie
Stephanie,Kinnard
Molli,Elo
Flory,Judye
Fayre,Fadiman
Cecile,Briney
Ira,McClimans
Gwenneth,Brodench
Leia,Harned
Ottilie,Nisbet
Dyann,Alabaster
Kirstin,Pauly
Raf,Roxanna
Gale,Hebner
Henriette,Hoban
Lucille,Bibi
Debee,Cherianne
Jaclyn,Alarise
Kerrin,Couture
Henriette,Pascia
Blinni,Anestassia
Iseabal,Syd
Antonietta,Jenness
Catrina,Ferino
Gabi,Irmine
Zaria,Socha
Libbie,Wooster
Caritta,Weitman
Jackie,Aldric
Trudie,Dorothy
Minne,Schwejda
Taffy,Land
Devina,MacIntosh
Fina,Kravits
Cassondra,Donell
Melisent,Larochelle
Mara,Terencio
Courtnay,Louanna
Dianemarie,Vary
Minda,Garbe
Collen,Amethist
Lorenza,Gillan
Aaren,Emanuel
Cherrita,Hartnett
Deane,Denis
Chloris,Brady
Lizzie,Phyllis
Paulita,Anyah
Ninnetta,Odysseus
Jemie,Crudden
Vivia,Noam
Sophia,Lymann
Christy,Gunn
Ilse,Allina
Frances,Vanni
Isa,Marsden
Debee,Aurelio
Gabriellia,Hull
Beverley,Swanhildas
Ericka,Smitt
Selia,Tannie
Sonni,Saunderson
Hannis,Marijo
Tarra,Girardo
Loree,Bach
Quintina,Auberbach
Inga,Latini
Regina,Ortrude
Priscilla,Randene
Coral,Goldina
Halette,Sabella
Chastity,Sabella
Karolina,Yuille
Alyssa,Ilka
Nessie,Idelia
Kirstin,Malina
Lorie,Ciro
Jolyn,Sibyls
Margette,Odysseus
Shaylyn,Saree
Ezmeralda,Gamaliel
Andree,Ambrosia
Millie,Viddah
Linzy,Lewes
Elyssa,Carolin
Shel,Love
Heddie,Allare
Nickie,O'Carroll
Danny,Cristi
Katharina,Medrek
Priscilla,Karl
Kara-Lynn,Ruvolo
Maridel,Anselmi
Alameda,Lamoree
Rori,Jagir
Misha,Georas
Phylis,Taam
Beth,Daegal
Chandra,Pattin
Bettine,Keily
Rayna,Sheedy
Roz,Sikorski
Allis,Allare
Glenda,Wilkinson
Cristabel,Tyson
Marti,Dominy
Jessamyn,Milson
Talya,Atonsah
Sidoney,Kamaria
Janeczka,Girardo
Cyb,Havens
Lorne,Valoniah
Katleen,Ludewig
Nessie,Munn
Heddie,Charity
Viviene,Merriott
Perry,Odysseus
Nataline,Nadia
Averyl,Eno
Britte,O'Rourke
Annaliese,Othilia
Jackie,Merell
Bernardine,Wilona
Korrie,Natalia
Sara-Ann,Colbert
Donnie,Barrus
Sophia,Bigner
Trixi,Lowry
Maryellen,Richers
Elyssa,Bach
Lizzie,Modie
Kathy,Norrie
Edith,Kelula
Priscilla,Vins
Cacilie,Taam
Jorry,Sasnett
Gale,Belldas
Melina,Olin
Gretal,Ramona
Natka,Maribeth
Amelia,Curren
Madalyn,Creamer
Cecile,Himelman
Stephanie,Couture
Amelia,Morgun
Brietta,Saree
Larine,Sisile
Emma,Marijo
Lorenza,Joeann
Chandra,Malina
Madeleine,Salvidor
Mallory,Penelopa
Elbertina,Vins
Isa,Billye
Elie,Bluh
Ulrike,Nicoline
Tina,Reinke
Amara,Cath
Almeta,Nester
Mathilda,Larochelle
Chandra,Lory
Patricia,Lunsford
Catharine,Alcott
Anallese,Bury
Rochette,Faria
Susan,Astra
Ekaterina,Millda
Dulce,Ahab
Ricky,Florina
Gui,Justinn
Feliza,Lattie
Lila,Ingra
Frances,Alwin
Melisent,Carri
Aimil,Malvino
Heida,Goerke
Gale,Duwalt
Eugine,Lanita
Bernardine,Maples
Helena,Concha
Kellen,Morgun
Wanda,Donell
Dede,Bonilla
Dede,Bettine
Karina,Billye
Donnie,Jary
Aigneis,Simmonds
Micheline,Suk
Frieda,Etom
Evaleen,Bennie
Giustina,Granoff
Mahalia,Tremayne
Juliane,Ethban
Letizia,Terencio
Kittie,Rosalba
Kathy,Glenden
Katharina,Redmond
Margette,Odysseus
Valeda,Latini
Antonietta,Edison
Oona,Darrell
Joane,Leifeste
Kristina,Pascia
Valeda,Gamaliel
Jacenta,Killigrew
Coral,Zina
Mignon,Vary
Neila,Poll
Collen,Harned
Dacia,Dominy
Valeda,Lasley
Amii,Hessler
Roberta,Docilla
Jorry,Katrine
Kate,Durware
Antonietta,Pozzy
Hettie,Freddi
Christy,Kazimir
Anestassia,Vins
Kristina,Madelene
Annora,Burnside
Albertina,Vastah
Amara,Kenwood
Kimberley,Rustice
Rubie,Pozzy
Yetty,Zuzana
Latisha,My
Agathe,Forrer
Lynde,O'Rourke
Olivette,Burkle
Madeleine,Rheingold
Jorry,Bonilla
Cherrita,Waite
Renae,Lorain
Gilda,Morgun
Blinni,Klotz
Nickie,Lilas
Olivette,Travax
Teddie,Fosque
Isa,Oneida
Catrina,Penelopa
Gianina,Brunell
Betta,Ries
Lorenza,Maroney
Alyssa,Zola
Elmira,Rolf
Alleen,Hazlett
Caryl,Carleen
Phedra,Telfer
Olwen,Tristram
Lanna,Fredi
Hallie,Fadiman
Dyann,Dominy
Damaris,Brandice
Berget,Eben
Elvira,Elisha
Debee,Eliathas
Candy,Tarrant
Marylou,Merell
Nicoli,Justinn
Elora,Taima
Sissy,Dorine
Dulcinea,Colbert
Natka,Pip
Edee,Atonsah
Susan,Kathie
Justinn,Swanhildas
Fawne,Sibyls
Kary,Jacqui
Henriette,Harl
Romona,Casimir
Celene,Halsey
Shauna,Madox
Fred,Idelia
Maryellen,Dannye
Amii,Skurnik
Sybille,Angelis
Rosabelle,Gladstone
Meghann,Bigner
Goldie,Rustice
Damaris,Jalbert
Reeba,Joseph
Angela,Janene
Stacey,Roumell
Brana,Shaver
Alexine,Emanuel
Carlie,Verger
Meghann,Tristram
Ethel,Sammons
Gerianna,Modie
Susette,Center
Aaren,Kermit
Stevana,Oriana
Johna,Wesle
Tiffie,Reneta
Max,Florina
Louella,Sisile
Hayley,Ciro
Elora,Magdalen
Etta,Gert
Shannah,Kauppi
Joeann,Abernon
Perry,Cecile
Dorthy,Giff
Melina,Adlare
Doralynne,Gillan
Elbertina,Cath
Marcy,Fontana
Celene,Allina
Ariela,Clie
Calla,Burnside
Cassondra,Ingra
Celene,Capello
Averyl,Abernon
Rivalee,Aloise
Sam,Pettiford
Glynnis,Morehouse
Andree,Ephrem
Maurene,Zetta
Kathi,Carleen
Maryellen,Nance
Elora,Elvyn
Sabina,Lanita
Ivett,Donoghue
Tabbatha,Syd
Dari,Anderea
Rori,Hunfredo
Annice,Hathaway
Mara,Bivins
Shandie,Gwenore
Karlee,Cyrie
Beth,Dermott
Lila,Goldina
Katleen,Westphal
Celisse,Noam
Elka,Suanne
Dagmar,Tiffa
Penelopa,Cleo
Lila,Jerold
Hallie,Ries
Marsiella,Magnolia
Arabel,Hertzfeld
Roz,Tayib
Dania,Rossner
Stephanie,Dex
Lelah,Campball
Elvira,Grobe
Keelia,Bendick
Eugine,Hebner
Caritta,Martguerita
Evaleen,Dreda
Harrietta,Ferrell
Emylee,Sparhawk
Karolina,Kolnick
Jessamyn,Kenwood
Heddie,Arley
Mady,Lewes
Joceline,Merat
Korrie,Emerson
Lorie,Nester
Mureil,Fleeta
Esmeralda,Jacobah
Raf,Harriman
Amara,Johanna
Rosabelle,Arne
Misha,Hazlett
Rubie,Fitzsimmons
Alleen,Read
Lanae,Sharl
Bernie,Dom
Aili,Amasa
Starla,Clarissa
Ebonee,Sacken
Kerrin,Si
Viviene,Isacco
Devina,Bach
Jsandye,Peg
Kore,Shanley
Jillayne,Genna
Elise,Adalbert
Gale,Wiener
Renie,Anderea
Charlena,Kimmie
Minne,Tjon
Dulce,Halla
Jorry,Emanuel
Ezmeralda,Stacy
Catrina,Wittie
Felice,Cyrie
Lolita,Sacken
Ottilie,Thomasina
Peri,Jacinda
Joelly,Rad
Estell,Schwejda
Orsola,Chandler
Chloris,Kress
Myriam,Arathorn
Gerrie,Phyllis
Candy,Bertold
Annaliese,Elbertina
Dotty,Wu
Lenna,Jerald
Ebonee,Ardra
Cherrita,Colleen
Heddie,Konyn
Gilligan,Uird
Anthia,Jagir
Augustine,Ciapas
Tiffie,Leifeste
Kaia,Isidore
Yvonne,Natalia
Vanessa,Hylan
Kathi,Raama
Tilly,Read
Mara,Glovsky
Rozele,Elo
Kirstin,Sharl
Starla,Obed
Lory,Evangelia
Brana,Douglass
Caressa,Serilda
Laurene,Burkle
Bernie,Jaylene
Tina,Romelda
Ermengarde,Grayce
Oralee,Masao
Orelia,Buffum
Zaria,Amethist
Aili,Emanuel
Genevra,Nore
Shannah,Bearnard
Aigneis,Engdahl
Trudie,Maroney
Verla,Tristram
Therine,Estella
Vanessa,Sothena
Dianemarie,Sprage
Gilda,Jerold
Kittie,Rurik
Phylis,Mathilde
Ketti,Etom
Edee,Korey
Viki,Martsen
Gretal,Leopold
Ottilie,Etom
Claresta,Ries
Dione,Old
Madalyn,Grobe
Paulita,Halla
Reeba,Kristi
Glenda,Ball
Ellette,Therine
Verla,Ciro
Audrie,Naor
Merry,Publia
Sandie,Fry
Lelah,Quinn
Aurelie,Forrer
Rebeca,Delila
Brana,Kat
Jean,Concha
Katuscha,Bryna
Ezmeralda,Ader
Suzette,Aloise
Kerrin,Colleen
Kial,Brodench
Daphne,Wilona
Jorry,Ralfston
Perry,Vernier
Maurene,Haldas
Bibby,Allare
Jerry,Rogerio
Tobe,Michella
Jasmina,Arne
Shel,Simmonds
Jacenta,Sigfrid
Karina,Birdella
Bertine,Westphal
Lisette,Milde
Perry,Brenn
Gilda,Dosia
Lulita,Demitria
Allis,Randene
Silvana,Even
Brianna,Irmine
Margette,Kesley
Nannie,Anton
Elvira,Jeanne
Marcy,Sidonius
Mariele,Kosey
Katharina,Noam
Brandise,McGrody
Nerta,Septima
Paule,Xerxes
Kimmy,Mintz
Meriel,Anton
Jordan,Carmena
Lolita,Bennie
Mary,Maurine
Ardeen,Nedrud
Marjie,Mott
Rani,Artie
Jillayne,Yorick
Kristina,Joli
Celisse,Alrich
Adore,Vittoria
Dorice,Wolfgram
Jere,Monaco
Riannon,Lory
Nanete,Corilla
Addia,Ajay
Chere,Randene
Lily,Ricki
Clarice,Riordan
Ofilia,Read
Sean,Carri
Lynea,Weinreb
Sidoney,Ricki
Dotty,Krystle
Brietta,Jammal
Julieta,Lalitta
Liana,Nelsen
Tina,Belldas
Bill,Deegan
Chloris,Garlinda
Andree,Seligman
Esmeralda,Clara
Leona,Serilda
Ottilie,Kauppi
Janenna,Adalbert
Sindee,Corrine
Hallie,Vanni
Sashenka,Capello
Merci,Kronfeld
Di,Garlinda
Elora,Paine
Marinna,Mike
Kelly,Gabrielli
Queenie,Atonsah
Georgina,Freddi
Carolina,Lesley
Mellicent,Egbert
Corly,Milde
Cam,Kazimir
Verla,Yam
Ivett,Dearborn
Mady,Lauraine
Gusella,Travax
Judy,Susannah
Shirlee,Anselmi
Ardeen,Nerita
Taffy,Gower
Elsie,Dorine
Adelle,Susannah
Sherrie,Schlosser
Dede,McClimans
Karly,Hanleigh
Roslyn,Fiester
Glenda,Azeria
Michaelina,Harned
Flory,Wattenberg
Ethel,Tomasina
Kathi,Richers
Sherrie,Olympium
Bernie,Elsinore
Judy,Stoller
Leona,Maribeth
Barbara,Mozelle
Veda,Rocray
Ermengarde,Ramona
Sidoney,Silvan
Caressa,Selway
Raf,Screens
Cassondra,Buckler
Britni,Leary
Marleah,Philipp
Vevay,Delila
Celestyna,Greenwald
Konstance,Connelly
Jsandye,Howlyn
Kial,Tarrant
Pierette,Laverne
Deane,Belanger
Susan,Abbot
Rosabelle,Kiyoshi
Joeann,Dowski
Celisse,Dorine
Donetta,McNully
Celisse,Raffo
Ofilia,Norrie
Viki,Peg
Briney,Fry
Kamilah,Malina
Ebonee,Baptlsta
Felice,Isacco
Jillayne,Strephon
Sabina,Salvidor
Addia,Ailyn
Hettie,Whiffen
Binny,Ephrem
Minne,Laverne
Mary,Mauer
Atlanta,Roxanna
Phedra,Mike
Carilyn,Vharat
Desirae,Kiersten
Grier,Joni
Consuela,Francene
Selia,Buckler
Gusella,Buffum
Christy,Rodmann
Jackie,Dearborn
Briney,Tillford
Dotty,Goth
Annecorinne,Astra
Gilda,Eugenia
Celene,Stanwood
Robinia,Land
Netty,Merat
Letizia,Drisko
Leona,Helve
Libbie,Olympium
Tersina,Ader
Lenna,Sholley
Nadine,Yorick
Nariko,Zachary
Lizzie,Ovid
Merrie,Colyer
Reeba,Pelagias
Gwyneth,Leopold
Atlanta,Firmin
Chere,Lauraine
Amelia,Lareena
Dale,Colbert
Vita,Fiann
Lizzie,Wiener
Mallory,Tryck
Clo,Kristi
Leanna,Uund
Hettie,Mott
Gretal,Goddard
Joleen,Carlson
Isa,Lea
Bobinette,Duwalt
Gabi,Eachern
Claudina,Tremayne
Petronia,Scammon
Florie,Berard
Coral,Woodberry
Celestyna,Pillsbury
Lory,Colbert
Talya,Roumell
Lorenza,Ezar
Pearline,Bord
Lonnie,Dannye
Libbie,Wind
Julieta,Cohdwell
Ariela,Stav
Devina,Isacco
Linzy,Meter
Marline,Belanger
Gwyneth,Liva
Christal,Bandeen
Desirae,Adalbert
Doralynne,Klemperer
Lulita,Tatianas
Isa,Bryna
Kaja,Marisa
Glynnis,Brandice
Magdalena,Aaberg
Regina,Joseph
Aeriela,Bahr
Paulita,Gahl
Lanae,Gower
Daphne,Girardo
Fred,Chick
Philis,Azeria
Janey,Hurley
Clary,Drus
Calla,Knowling
Natka,Serilda
Danika,Gilmour
Helsa,Gower
Maridel,Anselmi
Cacilie,Amand
Christy,Fiann
Dode,Dominy
Meriel,Kenwood
Dale,Eno
Merci,Clie
Carilyn,Woodberry
Lonnie,Weaks
Lynea,Ciro
Liana,Niles
Vanessa,Bigner
Daryl,Raimondo
Ashlee,Solitta
Adriana,Lareena
Alyda,Johanna
Allis,Clara
Rori,Nore
Christal,Markman
Halette,Larochelle
Fredericka,Brodench
Kara-Lynn,Jenness
Giustina,Berl
Dode,Delacourt
Carol-Jean,Aurelio
Heida,Kimmie
Tomasina,Faro
Brooks,Rogerio
Donnie,Rogerio
Gusella,Marisa
Aurelie,Christal
Ardenia,Dunkin
Maye,Meli
Ethel,Maryanne
Pearline,Chinua
Johna,McAdams
Caritta,Taam
Carolina,Modie
Tori,McLaughlin
Jennica,Sundin
Lory,Nadia
Betta,Friede
Caryl,Valerio
Aryn,Magnolia
Claresta,Kolnick
Lisette,Hubert
Berta,Donoghue
Janeczka,Abernon
Maisey,Damarra
Trixi,Rodmann
Modestia,Stoller
Mildrid,Ventre
Paulita,Grobe
Philis,Sharl
Morganica,Gregrory
Roxane,Earlie
Neila,Germann
Lacie,Ammann
Katleen,Schonfeld
Lyssa,Shaddock
Berget,Curren
Phedra,Weinreb
Layla,Uund
Andeee,Plato
Claresta,Sammons
Larine,Gaal
Roberta,Rosalba
Tonia,Bryna
Suzette,Peti
Genevra,Kathie
Lynnea,An
Emmey,Gaulin
Dulce,Kunin
Sharlene,Sibyls
Marnia,Standing
Inga,Konyn
Melisent,Fiann
Jaime,Hathaway
Tilly,Nisbet
Clo,Jacobah
Dotty,Chrystel
Tera,Irmine
Hyacinthe,Abram
Kamilah,Frodi
Dominga,Iaverne
Sandie,Behre
Gavrielle,My
Elyssa,Howlyn
Gaylene,Rugen
Pierette,Dreda
Clementine,Terrence
Roz,Hubert
Tersina,Agle
Quintina,Gregrory
Amara,Katrine
Queenie,Goode
Genevra,Krystle
Kristina,Jaylene
Edee,Jary
Consuela,Hamil
Allis,Phaidra
Dulcinea,Alwin
Renie,Weaks
Kittie,Francene
Inga,Hirsch
Gaylene,Hamil
Joane,Jethro
Abbie,Bates
Wanda,Radu
Carolina,Jobi
Gabriellia,Urania
Gilligan,Kathie
Mahalia,Toor
Trixi,Poll
Paulita,Goode
Margalo,Gilmour
Pearline,Latini
Sidoney,Wyn
Iseabal,Lory
Korrie,Waite
Chickie,Yorick
Neila,Infield
Susan,Kaete
Maurene,Jotham
Karly,Martsen
Chickie,Kare
Kore,Roumell
Clementine,Buffum
Letizia,Jacobah
Vivia,Bates
Wynne,August
Brietta,Cimbura
Nonnah,Astra
Sherrie,Hathaway
Barbi,Arley
Deloria,Munn
Andeee,Iiette
Allis,Darian
Ariela,Weinreb
Jasmina,McGrody
Marline,Knowling
Marcelline,Wittie
Mallory,Lory
Tressa,Charmine
Michaelina,Mathilde
Mureil,Garbe
Marjie,Aprile
Kore,Plato
Winifred,Ivens
Quintina,Harday
Marsiella,Emanuel
Giustina,Delacourt
Zondra,Suanne
Emelina,Morgun
Ninnetta,Maurine
Nita,Decato
Rochette,Rhu
Teddie,Adlare
Wanda,Prober
Renae,Horan
Tersina,Wind
Aaren,Nikaniki
Reeba,Telfer
Philis,Hunfredo
Basia,Tannie
Albertina,Georgy
Hope,Cornelia
Arlina,Elo
Damaris,Lewes
Hallie,Ivens
Deedee,Melan
Robbi,Zenas
Anestassia,Atcliffe
Kerrin,Ehrman
Sindee,Noam
Katleen,Vale
Cacilie,Burkle
Millie,Knowling
Robinia,Ciro
Zsa Zsa,Atcliffe
Nessie,Wandie
Deirdre,Brieta
Tera,Margarete
Consuela,Fosque
Rosene,Demitria
Fredericka,Greenwald
Dari,Grayce
Asia,Gwenore
Ulrike,Means
Britte,Alisia
Emma,Neils
Florie,Cookie
Fernande,O'Carroll
Frank,Fancie
Jan,Jacinda
Alyssa,Capello
Aimil,Marcellus
Alyssa,Behre
Minda,Jillane
Elfreda,Yoko
Jacquetta,Raimondo
Ayn,Riva
Rochette,Hebner
Estell,Cleo
Karena,Carolin
Ernesta,Publia
Adele,Percy
Dulce,Shaddock
Zondra,Kathie
Arlena,Croix
Margalo,Carleen
Chandra,Infield
Paule,Junie
Nikki,Muriel
Melina,Girardo
Amara,Letsou
Doro,Janene
Georgetta,Elisha
Kirstin,Alexandr
Carlie,Malanie
Abbie,Maroney
Kaia,Joeann
Kaja,Lacombe
Karina,Ahab
Lesly,Tremayne
Teddie,Jefferey
Stephanie,Dermott
Leia,Colp
Queenie,Tamar
Romona,Holtz
Carlie,Buckler
Anica,Presber
Blondelle,Rodmann
Brandise,Screens
Tera,Chrystel
Brietta,Cutlerr
Corry,Miru
Ricky,Federica
Nikki,Dosia
Lolita,Kress
Viviene,Desai
Tatiania,Ovid
Donetta,Chaing
Tybie,Ochs
Ninnetta,Brotherson
Chastity,Hubert
Modestia,Merriott
Trixi,McCutcheon
Larine,Anyah
Imojean,Braun
Ardys,Mott
Gavrielle,Minetta
Dulcinea,Suzetta
Collen,Oscar
Isa,Anderea
Abbie,Ophelia
Belva,Macey
Sallie,Crudden
Alexine,Baylor
Juliane,Kat
Di,Cookie
Ingrid,Kellby
Philis,Ortrude
Correy,Freddi
Georgetta,Thornburg
Bibby,Laverne
Cyndie,Lindemann
Damaris,Grayce
Carmela,Elephus
Deane,Rudolph
Jenda,Gahl
Caryl,Kalinda
Silvana,Teryn
Charmaine,Dermott
Adriana,Bari
Laurene,Thilda
Devina,Faria
Roslyn,Rolf
Frieda,Elsinore
Lonnie,Emerson
Melisent,Lymann
Cherrita,Sprage
Wendi,Masao
Darci,Croix
Cam,Madelene
Max,Fulmer
Natka,Joachim
Brana,Jerold
Corry,Louanna
Gaylene,Vary
Roxane,Ammann
Mureil,Howlyn
Margarette,Zuzana
Corly,Eachern
Briney,Reinke
Emma,Delp
Sara-Ann,Kevon
Marinna,Melan
Pierette,Bord
Janey,Celestine
Andeee,Ardra
Maud,Ursulette
Wileen,Noelyn
Mady,Jagir
Jasmina,Casimir
Augustine,Jillane
Judy,Gualtiero
Letizia,Tufts
Merle,Matthew
Asia,McAdams
Karlee,Riva
Blinni,Rolf
Jordan,Tamar
Nariko,Harriman
Devina,Braun
Gilligan,Kosey
Ayn,Faria
Daune,Darian
Chandra,Garlinda
Yvonne,Garek
Fernande,Alfons
Rosaline,Regan
Kerrin,Hedve
Almeta,Hachmin
Nollie,Dunkin
Raquela,Sidonius
Dania,Tippets
Latisha,Shama
Rochette,Arquit
Edith,Rosette
Valeda,Ardeha
Elena,Kiyoshi
Lucy,Carleen
Basia,Lucienne
Jorry,Fink
Maisey,Lytton
Elbertina,Blake
Gertrud,Cressida
Elie,Erminia
Willetta,Harned
Adriana,Gaal
Kaia,Garlinda
Minda,Corabella
Arabel,Atcliffe
Maryellen,Bertold
Bibby,Rhu
Calla,Bach
Vevay,McLaughlin
Vevay,Maxi
Kerrin,Brittani
Estell,Cristi
Flo,Corrine
Kate,Yusuk
Belva,Penelopa
Concettina,My
Lanae,Toor
Lonnie,Connelly
Elise,Izaak
Agathe,Pitt
Kalina,Ammann
Charlena,Kauppi
Gerianna,McGrody
Kirbee,Ummersen
Valli,Ball
Odessa,Ashely
Beatriz,Olympium
Grier,Melleta
Ashlee,Elo
Modestia,Bohlin
Regina,Carlson
Evaleen,Pelagias
Teddie,Bobbee
Helena,Felecia
Katuscha,Madox
Suzette,Liebermann
Jsandye,Bivins
Alexine,Bibi
Kerrin,Lubin
Florie,Firmin
Louella,Pearse
Max,Rheingold
Cordi,Kaete
Noelle,Carlson
Shannah,Cookie
Alia,Rudolph
Hermione,Montgomery
Elena,Harl
Almeta,Bluh
Christian,Tarrant
Dotty,Jess
Ashlee,Longfellow
Nannie,Nunci
Jessy,Fiester
Drucie,Gwenore
Claresta,Serilda
Hyacinthe,Uird
Dulcinea,Constancy
Valera,Eno
Esmeralda,Bury
Meriel,Emanuel
Vinita,Dorcy
Harrietta,McCutcheon
Christal,Randene
Mellicent,Rogerio
Lanae,Maisey
Barbara,Talia
Michaelina,Krystle
Elsie,Lory
Cyb,Waldron
Gusty,Orlene
Barbara,Vins
Florencia,Edee
Blake,Cornelia
Camile,Tufts
Dania,Koehler
Robinia,Stilwell
Ariela,Brotherson
Johna,Elbertina
Shirlee,Timon
Maisey,Irmine
Renie,Clywd
Dede,Septima
Emilia,Wooster
Stevana,Hortensia
Merry,Holbrook
Nicoli,Havens
Siana,Cookie
Cristine,Rebecka
Roxane,Sheng
Ekaterina,Oriana
Amalie,Gaynor
Shel,Rudolph
Beth,Maiah
Tatiania,Creamer
Cherrita,Redmond
Jinny,Catie
Hallie,McGrody
Noelle,Christine
Bettine,Halsey
Carmela,Felizio
Codie,Imelida
Myriam,Sholley
Viviene,Valoniah
Orelia,Fillbert
Tilly,Trey
Kate,Ummersen
Alameda,Donoghue
Arlena,Dulciana
Alisha,Zitvaa
Nerta,Orelee
Arlena,Olnee
Nollie,Giule
Binny,Tristram
Joceline,McLaughlin
Mariann,Lymann
Karolina,Blase
Wilma,Millda
Cam,Randene
Elfreda,Haerr
Tami,Paton
Madalyn,Ferrell
Dianemarie,Saunderson
Berget,Remmer
Adelle,Goerke
Libbie,Carey
Pierette,Persse
Robbi,Bronk
Julieta,Ezar
Aimil,Brodench
Kittie,Pitt
Kristan,Koehler
Perry,Brittani
Daryl,Wildermuth
Merci,Kronfeld
Cassondra,Barney
Margarette,Bigner
Phedra,Brieta
Jenilee,Cordi
Gwenneth,Wiener
Shandie,Bord
Hettie,Stelle
Goldie,Suanne
Ileana,Diann
Beverley,Lesley
Netty,Tjon
Joelly,Gert
Nikki,Evvie
Gwenneth,Noman
Nyssa,Yusuk
Janeczka,Roscoe
Lory,Waldron
Lynea,Elsinore
Evaleen,Cadmar
Sean,Syd
Lorne,Sigfrid
Ayn,Bendick
Nanete,Millda
Karina,Birdella
Isa,Holbrook
Aeriela,Leopold
Dolli,Hepsibah
Vanessa,Alejoa
Tressa,Mozelle
Genevra,Damarra
Daune,Glenden
Lesly,Raffo
Ericka,Primalia
Ayn,Mullane
Linzy,Stelle
Harrietta,Jillane
Marcelline,Moseley
Alia,Madelene
Micheline,Muriel
Veda,Nerita
Elena,Gladstone
Edyth,Judye
Caritta,Darian
Patricia,Maiah
Vere,Kussell
Leona,Silvan
Diena,Helve
Lanna,Maiah
Imojean,Cottle
Chloris,Eckblad
Barbi,Evangelia
Marnia,Hermes
Carree,Jary
Fredericka,Carleen
Leanna,Schonfeld
Marjie,Genna
Elvira,Saint
Ingrid,Durante
Katharina,Kalinda
Jacenta,Florina
Goldie,Hedve
Pierette,Dreda
Netty,Kendrick
Cyb,Martsen
Lyssa,Hunfredo
Ardenia,Willie
Mireielle,Shelba
Julieta,Aurelio
Flory,Morehouse
Zsa Zsa,Atonsah
Rani,Darbie
Fidelia,Rustice
Edith,Haldas
Nikki,Loleta
Catharine,Aaberg
Shaine,Liva
Jean,Duwalt
Lolita,Hoban
Beatriz,Ciro
Rubie,Bahr
Krystle,Ellerey
Georgina,Bury
Charmaine,McLaughlin
Wilma,Hertzfeld
Berget,Myrilla
Daryl,Oscar
Luci,Reinke
Heida,Eugenia
Katleen,Center
Gavrielle,Moseley
Betta,Sundin
Bernardine,Daniele
Brynna,Hebner
Calla,Ax
Correy,Tristram
Gaylene,Israeli
Bernardine,Cressida
Meriel,Johanna
Celisse,Bearnard
Sharlene,Jeanne
Shauna,Abernon
Andree,Kamaria
Doro,Katrine
Coral,Gaynor
Iseabal,Lytton
Isa,Nadia
Merry,Abernon
Helsa,Jefferey
Joleen,Ranjiv
Gianina,Daveta
Patricia,Gerge
Cherilyn,McClimans
Carolina,Muriel
Raf,Lipson
Tybie,Lanita
Elora,Socha
Deloria,Macey
Emelina,Zaslow
Margalo,Olnee
Arlina,Kazimir
Gilligan,Lemuela
Aaren,Libna
Jerry,Sheng
Cacilie,Ashely
Ellette,Cimbura
Elsie,Yoko
Jean,Hilbert
Trixi,Phi
Louella,Lucienne
Mignon,Tryck
Merry,Sigfrid
Hyacinthe,Luhe
Nannie,Woodberry
Mary,Ackerley
Mireielle,O'Neill
Louella,Noelyn
Rebeca,Lareena
Maye,Malanie
Jany,Konyn
Lanna,McGrody
Jaclyn,Gilbertson
Sissy,Argus
Lolita,Elo
Sashenka,Isacco
Sheree,Mozelle
Jacquetta,Greyson
Gilligan,Berne
Katharina,Elo
Winifred,Baptlsta
Belinda,McClimans
Rebeca,Yusuk
Hannis,Rooney
Jenda,Lissi
Etta,Peonir
Stephanie,Timon
Imojean,Ulphia
Dulcinea,Rossner
Bernie,Concha
Jany,Felecia
Britte,Crudden
Flory,Halla
Janeczka,Ochs
Charmaine,Izaak
Berta,Faso
Lanae,Secrest
Amelia,Knowling
Berget,Anis
Brianna,Imelida
Rebeca,Thema
Ruthe,Konyn
Kristina,Leffen
Hannis,Old
Blinni,Fabiola
Darci,Margarete
Alyda,Jorgan
Penelopa,Fadiman
Steffane,Ardra
Evaleen,Kunin
Clary,Shanley
Natka,Socha
Hannis,Ardeha
Janis,Guthrie
Alejandra,Nadia
Bernie,Honoria
Collen,Dowski
Ivett,Hirsch
Alameda,Kevon
Hallie,Yoko
Renie,Faust
Shel,Lalitta
Charissa,Trace
Fawne,Xerxes
Gwyneth,Burch
Tamqrah,Sigfrid
Dulcinea,Rosette
Susette,Belldas
Felice,Oster
Konstance,Duwalt
Marika,Dearborn
Asia,Robertson
Hayley,Seagraves
Gusty,Carri
Collen,Codding
Harrietta,Ferrell
Donetta,Hutchison
Maurene,Cornelia
Bobinette,Izaak
Gerrie,Loring
Charlena,Chandler
Winny,Maiah
Emylee,Madox
Netty,Marlie
Carol-Jean,Burnside
Larine,Zamora
Kial,Grosz
Melina,Sundin
Latisha,Fredi
Sandie,Nikaniki
Ericka,Moseley
Mamie,Kenney
Vanessa,Penelopa
Carmencita,Wooster
Malina,Mallon
Sean,Morrill
Sheree,Wilona
Melodie,Roumell
Aimil,Pattin
Brana,Erich
Goldie,Miru
Donnie,Linehan
Nariko,Douglass
Linzy,Desai
Alyda,Evvie
Kate,Francyne
Jorry,Fillbert
Roseline,Anis
Malina,Cadmar
Alejandra,Ranjiv
Myriam,Ricki
Tarra,Sigfrid
Dione,Voletta
Minne,Sikorski
Nicoli,Anton
Ana,Daegal
Aurore,Ellord
Cissiee,Torray
Sharlene,Bennie
Marcy,Croix
Angelique,Hathaway
Max,Guthrie
Zsa Zsa,Gahl
Marcy,Craggie
Siana,Brodench
Lory,Zamora
Reeba,Trey
Moyna,Sheng
Jsandye,Pascia
Letizia,Rolf
Hyacinthe,Wu
Ofilia,Rugen
Deane,Pond
Bee,Minetta
Hyacinthe,Vanni
Tomasina,Santoro
Luci,Ax
Tracey,Milson
Antonietta,Verger
Albertina,Elephus
Jsandye,Eachern
Kellen,Teryn
Keelia,Jary
Margalo,Fleeta
Sissy,Shanley
Claresta,Ruvolo
Shaylyn,Atcliffe
Kassey,Eugenia
Danny,Danby
Berta,Maples
Genovera,Bivins
Alejandra,Phi
Lita,Garlinda
Willetta,Pattin
Marsiella,Whittaker
Fidelia,Audly
Tiffie,Hillel
Julieta,Therine
Edee,Pandolfi
Bertine,Tiffa
Daune,Atcliffe
Sindee,LaRue
Katleen,Ade
Codie,Kaete
Di,Brackely
Lyssa,Penelopa
Mignon,Eiser
Margarette,Kiyoshi
Ingrid,Kussell
Lynde,Janith
Sibella,Gaulin
Aurelie,Reidar
Mamie,Rogerio
Zia,Monk
Caritta,Astra
Fanny,Colleen
Gwenneth,Breed
Millie,Carleen
Consuela,Eno
Frieda,Meter
Belinda,Silvan
Millie,Dyche
Nonnah,Gaal
Fredericka,Georas
Amelia,Aaberg
Sandie,Tufts
Jsandye,Melony
Mariann,Cath
Devina,Lubin
Layla,Gunn
Lory,Peonir
Tera,Stover
Ketti,Gamaliel
Moyna,Gaulin
Ellette,Pozzy
Kirbee,Anderea
Ileana,Ummersen
Jillayne,Bates
Lynde,Fancie
Adelle,Deny
Lory,Sammons
Tamqrah,Ludewig
Brana,Cadmar
Marika,Taam
Miquela,Deegan
Angela,Ambrosia
Louella,Taam
Kate,Othilia
Jeanna,Papageno
Sheelagh,Giule
Demetris,Zachary
Fanny,Donoghue
Charlena,O'Carroll
Genovera,Geffner
Shel,Roxanna
Gale,Lindemann
Emilia,Holbrook
Mireielle,Thornburg
Stacey,Corabella
Tiffie,Pozzy
Kristan,Wildermuth
Elvira,Bandeen
Taffy,Merriott
Zondra,Donoghue
Aurore,Hailee
Corene,Payson
Fanchon,Hazlett
Blondelle,Bethany
Ira,Berl
Lucy,Palocz
Sindee,Lumbard
Jean,Donoghue
Marti,Stephie
Rori,Anderea
Lenna,Destinee
Theodora,Weinreb
Antonietta,Greyson
Janis,Sadowski
Marika,Dorcy
Daryl,Wind
Elie,Kaete
Caryl,Kauppi
Nelle,Saunderson
Wynne,Vins
Roberta,Gert
Sibella,Fiester
Allyce,Bakerman
Krystle,Edvard
Glenda,Liebermann
Cyndie,Lay
Felice,Maisey
Audrie,Ingra
Addia,Eno
Annecorinne,Nerita
Sallie,Sallyann
Annora,Wandie
Kelly,Loleta
Ida,Meter
Alyda,Damarra
Donetta,Hanleigh
Rivalee,Brackely
Minne,Birdella
Stevana,McClimans
Christy,Hutchison
Alameda,Alva
Norine,Hedve
Clarice,Ackerley
Kate,Iaverne
Desirae,Noelyn
Zondra,An
Cherrita,Tarrant
Kary,Michella
Romona,Tufts
Abbie,Orlene
Almeta,Duwalt
Amii,Codding
Rozele,Alrich
Glenda,Urias
Berta,Kelula
Aili,Palocz
Sherrie,Miru
Tomasina,Eachern
Consuela,Sundin
Charissa,Sophronia
Wendi,Ashok
Valli,Mitzi
Phedra,Tiffa
Madalyn,Levey
Kerrin,Imelida
Madalyn,Tomasina
Lolita,Ventre
Alleen,Yusuk
Alie,Forrer
Emilia,Shirberg
Dulce,Aloise
Jessamyn,Nickola
Georgetta,Vins
Trudie,Plato
Chickie,Alwin
Jacquetta,Pip
Mignon,Catie
Jerry,Pillsbury
Letizia,Ranjiv
Jolyn,Rese
Ana,Means
Sarette,Dunkin
Ann-Marie,Bryna
Harrietta,Fancie
Tonia,Graig
Pearline,Shanley
Vanessa,Ricarda
Louella,Arvo
Arlena,Natalia
Atlanta,Joli
Celisse,Egbert
Ericka,Giule
Latisha,Vilma
Annora,Salvidor
Gwyneth,Damarra
Celestyna,Kendrick
Helena,Gladstone
Glenda,Tarrant
Aurore,Andrel
Bibby,Borrell
Robbi,Raul
Lucille,Tamar
Annice,Norvol
Orelia,Lissi
Regina,Bahr
Mahalia,Dominy
Stevana,Old
Vonny,Dorine
Maud,Kolnick
Georgetta,Daegal
Perry,Kat
Gaylene,Ovid
Celisse,Cornelia
Isa,Bahr
Kaia,Gillan
Stevana,Jarib
Laure,Bultman
Marleah,McAdams
Layla,Han
Ronna,Tippets
Theodora,Denis
Melanie,Mintz
Josephine,Huggins
Sabina,Japeth
Babita,Duwalt
Kate,Sadowski
Sue,Palocz
Mignon,Carvey
Penelopa,Kellby
Frank,Presber
Daphne,Wallis
Ingrid,Clarissa
Genovera,Gualtiero
Chastity,Vilma
Inga,Frodi
Ebonee,Shaddock
Darci,Sekofski
Rochette,Cynar
Meg,Zachary
Charissa,Revkah
Chastity,Xerxes
Fawne,Saree
Lila,Raychel
Dorene,Philoo
Kirstin,Paton
Cathie,Matthew
Evaleen,Keelia
Lolita,Holbrook
Ricky,Oscar
Fernande,Autrey
Cathie,Han
Susette,Schonfeld
Ezmeralda,Hilbert
Marylou,Francene
Edyth,Raul
Addia,Pascia
Lonnie,Naor
Michaelina,Garrison
Angelique,Warthman
Kirbee,Wolfgram
Patricia,Lamoree
Malina,Randene
Dulce,Raul
Paulita,Melleta
Madelle,Nerita
Norine,Camden
Shannah,Schonfeld
Annice,Hortensia
Janeczka,Wildermuth
Miquela,Havens
Tarra,Eiser
Hollie,Poppy
Molli,Heisel
Caressa,Taima
Clary,Ax
Olivette,Jorgan
Dianemarie,Autrey
Doro,Bow
Janenna,Henebry
Joeann,Kamaria
Maurene,Rurik
Zondra,Amethist
Imojean,Daniele
Dale,Eliathas
Jacenta,Zetta
Sidoney,Hilbert
Ofilia,Chesna
Lisette,Kazimir
Danika,Fontana
Jere,Kenney
Sonni,Stav
Bobinette,Agle
Carly,Grimbly
Correy,Randene
Jordan,Eliathas
Nickie,Wenoa
Ginnie,Han
Lucille,Carolin
Marsiella,Eben
Elyssa,Latini
Liana,Mata
Clementine,Marsden
Eadie,Odell
Hermione,Ahab
Starla,Hashim
Neila,Chaing
Dode,Albertine
Bertine,Ferrell
Vita,Friede
Lonnie,Zrike
Neila,Latini
Chickie,Roche
Kathy,Parsaye
Rori,Fitzsimmons
Josephine,Birdella
Gui,Dreda
Mahalia,Narton
Dotty,Stuart
Deloria,Damarra
Kenna,Chobot
Sean,Thar
Mariann,Claudine
Gilligan,Persse
Meg,Teddman
Melisent,Lea
Gusella,Brieta
Tybie,Manolo
Roberta,Bouchard
Gilligan,Toor
Dorthy,Devlen
Barbara,Brenn
Corina,Dielu
Anthia,Pulsifer
Ashlee,Melleta
Jemie,Dominy
Annaliese,Wenda
Gwyneth,Baudin
Elyssa,Haldas
Riannon,Colyer
Wileen,Yoko
Carlie,Rocray
Jinny,Kirstin
Natka,Giff
Luci,Mullane
Dorthy,Germann
Orelia,Pernick
Donnie,Larochelle
Jacenta,Bryna
Zsa Zsa,Reidar
Dode,Peti
Marylou,Wittie
Drucie,Barbey
Ursulina,Aldric
Korrie,Raychel
Maisey,Rossner
Berget,Ietta
Fidelia,Karylin
Natka,Blisse
Claudina,Sparhawk
Mariele,Malvino
Bee,Hortensia
Lila,Haldas
Rani,Wandie
Vita,Mayeda
Cecile,Ogren
Frank,Monk
Jany,Drus
Maisey,Donell
Marleah,Eugenia
Ulrike,Sandye
Marcy,Miru
Lolita,Dahlia
Adele,Alejoa
Leia,Jacobah
Elise,Aloise
Eve,MacIntosh
Cassondra,Tengdin
Brianna,Kannry
Anestassia,Merna
Therine,Pitt
Myriam,Arley
Sandie,Hull
Karly,Berriman
Vonny,Cassius
Lacie,Jeanne
Belinda,Tiffa
Mignon,Miru
Hope,Zuzana
Therine,Carleen
Daphne,Jerald
Nananne,Linehan
Carly,Dex
Dominga,Dalli
Krystle,Camden
Susette,Lemuela
Kimberley,Modie
Johna,Merell
Dominga,Christine
Charissa,Wiener
Marsiella,Manolo
Michaelina,Fontana
Karly,Frendel
Agathe,Baptlsta
Silvana,O'Rourke
Kylynn,Berl
Vanessa,Orelee
Lynde,Old
Marcy,Firmin
Sam,Felizio
Patricia,Stefa
Corene,Justinn
Mariann,Damarra
Dede,Tristram
Constance,Eiser
Sabina,Grayce
Cissiee,Kolnick
Rhoda,Burkle
Cassandra,Nance
Cassondra,Christine
Fayre,Dreda
Tomasina,Dawkins
Bill,Waite
Leontine,Kolnick
Larine,Richers
Brandise,Johanna
Nadine,Nance
Monika,Cutlerr
Kayla,Pillsbury
Roseline,Azeria
Yvonne,Hedve
Daune,Nerita
Mariele,Hashim
Babita,Holtz
Renae,Millda
Katuscha,Berriman
Aryn,Tippets
Kathi,Hubert
Fredericka,Zola
Diena,Alva
Oona,Jacinda
Gwenneth,Zuzana
Adele,Darian
Tressa,Nunci
Elena,Sharl
Ardys,Christine
Melanie,Edvard
Renae,Old
Michaelina,Schalles
Peri,Mott
Chastity,Stav
Oralee,Israeli
Delilah,Vilma
Lulita,Nance
Ileana,Fredi
Heida,Gregrory
Harmonia,Gale
Livvyy,Hashim
Lynea,Whittaker
Dawn,Allina
Myriam,Callista
Dale,Lamoree
Aeriela,Fennessy
Alisha,Connelly
Aigneis,Martsen
Myriam,Khorma
Sabina,Morehouse
Roberta,Jaylene
Ariela,Madox
Pollyanna,Chesna
Hyacinthe,Melleta
Sheelagh,Linehan
Minda,Neva
Lonnie,Joeann
Jobi,Joli
Brooks,Lanita
Adele,Oscar
Valera,Wu
Florie,Maribeth
Ethel,Gherardo
Tonia,Brackely
Jacquetta,Dermott
Krystle,Therine
Jerry,Monk
Lucille,Richers
Larine,Iphlgenia
Nikki,Dannye
Gabi,Norvol
Inga,Bouchard
Rochette,McClimans
Estell,Sholley
Sharai,Madaih
Sue,Wenda
Dennie,Parette
Alia,Bertold
Monika,Flita
Aryn,Adalbert
Frances,Erb
Claudina,Colyer
Rhoda,Suk
Perry,Dearborn
Ezmeralda,Daniele
Kimberley,Rese
Correy,Jotham
Cordi,Etom
Charlena,Allys
Jacenta,Edee
Ada,Ivens
Odessa,Alrich
Kirstin,Wareing
Georgina,Dominy
Nannie,Tybald
Lisette,Urania
Brietta,Irmine
Cecile,O'Rourke
Miquela,Hull
Miquela,Geffner
Tomasina,Raffo
Dode,Huggins
Darci,Alice
Lesly,Truc
Hermione,Tryck
Corry,Kosey
Belva,Wareing
Ayn,Stacy
Roxane,Scammon
Shandie,Casimir
Ekaterina,Kristi
Sandie,Halla
Veda,Wattenberg
Elena,Rebecka
Brena,Cyrie
Shannah,Taima
Kaja,Orelee
Kellen,Delila
Lisette,Firmin
Morganica,Rooney
Jillayne,Salvidor
Pearline,Remmer
Hettie,Kannry
Miquela,McCutcheon
Elsie,Pond
Anallese,Stanwood
Jaclyn,Abernon
Nariko,Bigner
Leona,Alcott
Darci,Brackely
Louella,Berriman
Mureil,Matthew
Bobinette,Jammal
Sheree,Dalli
Barbi,Darbie
Lusa,Orpah
Nerta,Rosette
Rori,Frendel
Jacquetta,Miru
Gaylene,Slifka
Stevana,Bevin
Ebonee,Ajay
Darci,Lail
Lucille,Serilda
Desirae,Bari
Brana,Francyne
Barbara,Guildroy
Jaclyn,Ethban
Mary,Delp
Margalo,Prober
Emmey,Dex
Flo,Constancy
Feliza,Urania
Devina,Curren
Rani,Carvey
Mureil,Devlen
Alejandra,Liva
Fanchon,Keily
Belva,Muriel
Sam,Sibyls
Myrtice,Jaylene
Damaris,Candy
Meghann,Annabella
Andeee,Meter
Jan,Etom
Leona,Thomasina
Cindelyn,Lanita
Evaleen,Brittani
Kristan,Bari
Charissa,Kristi
Elena,Mendez
Netty,Dituri
Fanchon,Honoria
Tracey,Demitria
Yetty,Eiser
Elmira,Demitria
Modestia,Septima
Tatiania,Hermes
Karlee,Mandler
Hildegaard,Corilla
Belva,Shelba
Michaelina,Richers
Clary,Aida
Shirlee,Cookie
Talya,Hubert
Yetty,Bevin
Netty,Garrison
Jordan,Sharl
Beth,Ferrell
Kore,Noelyn
Noelle,Wyn
Wilma,Madelene
Cherrita,Gamaliel
Nadine,Wandie
Brooks,Hertzfeld
Perry,Weitman
Zondra,Karylin
Margette,Arathorn
Gabriellia,Laurianne
Daphne,Kesley
Asia,Garrison
Kore,Trace
Donnie,Valoniah
Justinn,Maribeth
Minda,Adore
Annora,Read
Maryellen,Cloris
Adele,Raimondo
Brietta,Bronk
Adelle,Audly
Ricky,Astra
Vita,Waite
Caryl,Gerge
Kore,Chapland
Marsiella,Emmy
Farrah,Bearnard
Susan,Chinua
Karena,Cordi
Michaelina,Klemperer
Blake,Revkah
Modestia,Liebermann
Nataline,Mallon
Marinna,Kendrick
Lisette,Thilda
Kathi,Kannry
Marinna,Lindemann
Lory,Munn
Brena,Hachmin
Tiffie,Norrie
Rosaline,Girardo
Brianna,Burch
Starla,Dielu
Misha,Loeb
Dacia,Reinke
Fredericka,Dorothy
Laurene,Vanni
Darlleen,Claudine
Brietta,Morrill
Karina,Bashemeth
Tressa,Timon
Marjie,Beebe
Angelique,Sekofski
Jinny,Boehike
Ida,Zuzana
Shirlee,Beebe
Chrystel,Robertson
Devina,Holbrook
Jackie,Jalbert
Codie,Margret
Monika,Cleo
Katharina,Mathilde
Kittie,Sherrie
Di,Mata
Marleah,Wilkinson
Marsiella,Raffo
Emma,Fiester
Jacquetta,Socha
Marylou,Hertzfeld
Perry,Blase
Meghann,Alice
Jaclyn,Morehouse
Cristine,Burch
Krystle,Harriman
Jorry,Pettiford
Alyda,Holbrook
Frances,McClimans
Barbara,Laverne
Aurelie,Curren
Rosanne,Felizio
Brana,Hertzfeld
Penelopa,Bonilla
Lelah,Kaete
Alyda,Loleta
Valera,Kat
Corry,Sibyls
Bill,Jerold
Letizia,Hepsibah
Rivalee,Sperling
Lisette,Constancy
Concettina,Ball
Charmaine,Cassius
Jacquetta,Nahum
Gerianna,Mallon
Kristina,Dudley
Taffy,Kellby
Mellicent,Knowling
Allyce,Brenn
Alyssa,Rodmann
Genovera,Kesley
Lenna,Ciro
Louella,Cleavland
Cyb,Doig
Justinn,Brenn
Kara-Lynn,Adore
Patricia,Zaslow
Loree,Lamoree
Albertina,Oriana
Keelia,Paton
June,Kat
Teddie,Louanna
Bobinette,Silvan
Devina,Margarete
Dagmar,Chapland
Clementine,Leopold
Anallese,Tufts
Marcy,Ailyn
Janis,Alejoa
Queenie,Chrystel
Dawn,Suzetta
Kimberley,Krystle
Meghann,Cleo
Hyacinthe,Alva
Kelly,Honoria
Wynne,Lenny
Catrina,Infield
Jacquetta,Pauly
Ottilie,Carolin
Konstance,Markman
Sheree,Cutlerr
Keelia,Mitzi
Neila,Alarise
Laure,Swigart
Bobinette,Zuzana
Nicoli,Pauly
Kimmy,Raul
Mahalia,Sammons
Millie,Billye
Anestassia,Rillings
Jobi,Toffic
Kirstin,Destinee
Sean,Rolf
Evita,Huggins
Lucy,Guildroy
Joy,Marden
Livvyy,Taima
Frieda,Lane
Joy,Joachim
Pollyanna,Bury
Tracey,Millda
Julieta,Docilla
Etta,Amadas
Linet,Mayeda
Yetty,Mehalek
Kayla,Flyn
Sarette,Levey
Jorry,Atonsah
Lily,Baudin
Jan,Ralfston
Almeta,Bonilla
Sidoney,Anyah
Amelia,Jacqui
Clementine,Seligman
Catharine,Tomasina
Damaris,Means
Dennie,Leopold
Valera,Fancie
Oralee,McClimans
Corina,Edmund
Chandra,Tufts
Ardeen,Shelba
Marleah,Salchunas
Leanna,Lumbard
Georgetta,Tybald
Sherrie,Ackerley
Willetta,Astra
Lila,Jena
Phylis,Girardo
Corene,Elvyn
Keelia,Zachary
Nelle,Phaidra
Sheree,Bettine
Katuscha,Wind
Dari,Alexandr
Georgetta,Ackerley
Louella,Sibyls
Zondra,Drisko
Debee,Nikaniki
Daryl,Couture
Shell,Annice
Elvira,Christine
Tori,Wyn
Gavrielle,Rosalba
Vevay,Zenas
Corina,Roumell
Ardys,Cynar
Corly,Brotherson
Helena,Reinke
Eugine,Camden
Chandra,Tristram
Shel,Lia
Blondelle,Saunderson
Hildegaard,Silvan
Carlie,Johanna
Xylina,Goode
Kassey,Nisbet
Chloris,Hanshaw
Yolane,Ambrosia
Monika,Tyson
Cyb,Percy
Netty,Buckler
Jaclyn,Ivens
Cindelyn,Gwenore
Dominga,Johanna
Mignon,Desai
Lynnea,Hurley
Mahalia,Chauncey
Celestyna,Bouchard
Marika,Erlandson
Raina,Belldas
Hildegaard,Kristi
Ronna,Linehan
Glynnis,Moina
Celestyna,Hedve
Frank,Lory
Chastity,Brackely
Henriette,Pandolfi
Lilith,Cyrie
Sibella,Sasnett
Ekaterina,Even
Chastity,My
Steffane,Poll
Larine,Lubin
Gianina,Telfer
Katharina,Brady
Daune,Susannah
Aurelie,Reneta
Vita,Aprile
Donnie,Hamil
Randa,Hermes
Bibby,Means
Fina,Helve
Dagmar,Franza
Sara-Ann,Ricarda
Eadie,Jacinda
Fanny,Fontana
Trixi,Sibyls
Viki,Newell
Meg,Faso
Pearline,Maurine
Malina,Nedrud
Tierney,Center
Aurelie,Afton
Benita,Velick
Rochette,Noman
Cissiee,Rooney
Larine,Edee
Rhea,Mallon
Sashenka,Clarissa
Millie,Azeria
Chloris,Kannry
Ketti,Fry
Ketti,Masao
Gaylene,Devlen
Tonia,Sekofski
Cacilie,Han
Ezmeralda,Tufts
Lanae,Audly
Lorenza,Edee
Cindelyn,Faso
Edee,Suzetta
Odessa,Naashom
Shell,Gaal
Andeee,Wareing
Loree,Larochelle
Laure,Kenney
Jaime,Loeb
Dotty,Jethro
Roseline,Christine
Corene,Strephon
Sara-Ann,Goddard
Millie,Havens
Zsa Zsa,Lane
Petronia,Papageno
Maisey,Schwejda
Sidoney,Ventre
Almeta,Constancy
Luci,Waite
Viki,Noam
Caryl,Michella
Joane,Si
Harrietta,Vins
Emilia,Penelopa
Adore,Berl
Dotty,Cherianne
Lexine,Denis
Eolanda,Pierette
Madelle,Monaco
Ann-Marie,Kat
Mellicent,Infield
Meghann,Jacinda
Zia,Jillane
Zondra,Whittaker
Valera,Constancy
Tybie,Mathilde
Diena,Shuler
Misha,Yorick
Ekaterina,Gombach
Madalyn,Stevy
Sherrie,Wilona
Merci,Auberbach
Millie,Westphal
Laure,Lamoree
Danny,Sheedy
Aurore,Schenck
Esmeralda,Ashok
Siana,Ochs
Nessie,Yoko
Demetris,Alice
Joane,Prober
Ruthe,Leffen
Paola,Malina
Lita,Aldric
Livvyy,Roumell
Ulrike,Kiyoshi
Konstance,Curren
Carmencita,Gaspard
Siana,Loring
Raf,Faro
Madelle,Lia
Carree,Urias
Mallory,Brenn
Paule,Rugen
Caressa,Cutlerr
Renae,Cristi
Oralee,Newell
Codie,Muriel
Fredericka,Lay
Ayn,Gaal
Dominga,Berl
Konstance,Maples
Frieda,Lay
Ginnie,Zola
Andeee,Alcott
Valera,Delacourt
Olwen,Morrill
Nita,Kiyoshi
Vita,Marijo
Delilah,Milde
Gianina,Yam
Fredericka,Rustice
Pamella,Clara
Madalyn,Devlen
Annice,Hunfredo
Winny,Melony
Lulita,Emerson
Meghann,Taam
Sue,Norrie
Althea,Trey
Sashenka,Liva
Mariele,Ralfston
Marcelline,Lia
Marnia,Nisbet
Frances,Imelida
Monika,Jagir
Alex,Adamsen
Ivett,Noam
Justinn,Fabiola
Dania,Girardo
Cissiee,Sabella
Aigneis,Hull
Cassandra,McLaughlin
Ruthe,Kravits
Kaia,Burkle
Ann-Marie,Rugen
Ofilia,Dearborn
Ninnetta,Lasley
Rubie,Liebermann
Tarra,Cornelia
Joeann,Himelman
Jorry,Ashok
Paule,Gunn
Katleen,Old
Konstance,Dielu
Gwenneth,Bebe
Christal,Honoria
Ketti,Deny
Emma,Gibbeon
Tina,Argus
Dawn,Ramona
Brianna,Rurik
Lorie,Donell
Celisse,Jammal
Karolina,Syd
Diena,Lesley
Christian,Nikaniki
Alameda,Blake
Verla,Lane
Frances,Cadmar
Leontine,Krystle
Misha,Sprage
Deirdre,Meli
Veda,Corabella
Willetta,Kendrick
Renae,Dreda
Beverley,Kesley
Madelle,Cadmar
Kayla,Elisha
Elsie,Helfand
Catharine,Rugen
Jeanna,Bonilla
Melodie,Ietta
Marsiella,Ehrman
Ilse,O'Neill
Peri,Tristram
Robbi,Sawtelle
Betta,Skell
Merle,Reidar
Lelah,Trace
Maisey,Poll
Lynde,Guildroy
Camile,McNully
Blake,Hurley
Stacey,Durante
Dione,Cordi
Quintina,Halla
Donetta,Harned
Teriann,Milson
Amelia,Harriman
Veda,Lorain
Atlanta,Gamaliel
Modestia,Afton
Lenna,Chauncey
Sara-Ann,Goerke
Lory,Lumbard
Atlanta,Hepsibah
Mamie,Orlene
Alyssa,Burnside
Arlena,Grosz
Thalia,Ezar
Ekaterina,Bigner
Marita,Ludewig
Jolyn,Schenck
Loree,Milson
Hildegaard,Santoro
Alex,Aaberg
Jaime,Toor
Aaren,Chandler
Dania,Leonard
Karly,Kunin
Beverley,Karylin
Emilia,Stacy
Marinna,Swanhildas
Dale,Ries
Vanessa,Peti
Minda,Markman
Oona,Gaulin
Alex,Tarrant
Orelia,Malina
Caritta,Stuart
Ottilie,Ilka
Iseabal,Skurnik
Donetta,Ricarda
Hannis,Wenoa
Cecile,Merna
Jorry,Rhu
Amalie,Bollay
Chastity,Sammons
Valeda,Aloise
Lynde,Gregrory
Augustine,Terencio
Cyb,Kendrick
Gwyneth,Noam
Calla,Marden
Annora,Edmund
Justinn,Lowry
Isa,Michella
Meghann,Colp
Sabina,Bates
Lucille,Meli
Glenda,Autrey
Shirlee,Candy
Michaelina,Jefferey
Adelle,Kirstin
Marinna,Lareena
Ida,Marsden
Maryellen,Lesley
Cindelyn,Izaak
Morganica,Lunsford
Myrtice,Natica
Aeriela,Eben
Peri,Hurley
Fayre,Chem
Dagmar,My
Petronia,Winthorpe
Philis,Libna
Perry,Hanshaw
Sue,Jarib
Arlina,Ammann
Marita,Scammon
Ariela,Podvin
Aubrie,Desai
Kirbee,Tatianas
Minne,Thad
Vonny,Rad
Kial,Kinnard
Teriann,Ax
Tiffie,Markman
Mary,Newell
Starla,Aprile
Ida,Taam
Dode,Thunell
Clarice,Bollay
Theodora,Berriman
Raf,Bohlin
Misha,Lissi
Florencia,Zuzana
Arabel,Lacombe
Winny,Berriman
Kirstin,Johnsson
Blake,Raffo
Kate,Dahlia
Genovera,Vacuva
Moyna,Shama
Jaime,Roche
Fawne,Ailyn
Kelly,Alice
Carmencita,Zeeba
Ebonee,Pascia
Susan,Muriel
Rochette,Rebecka
Cristabel,Bonucci
Letizia,Warthman
Etta,Cornelia
Merry,Pillsbury
Nerta,Jefferey
Dorthy,Lattie
Odessa,Lenny
Nannie,Hortensia
Doro,Dahlia
Frances,Lacombe
Annice,Sibyls
Marti,Silvan
Hope,Himelman
Annice,Hillel
Starla,Merell
Jenilee,Eldrid
Gwenneth,Daveta
Renie,Janith
Merrie,Etom
Candy,Longfellow
Rozele,Beniamino
Ulrike,Miru
Yetty,Milson
Vevay,Annabella
Rosabelle,Candy
Keelia,Daniele
Livvyy,Loring
Aubrie,Rodmann
Therine,Oster
Christy,Fink
Isa,Lubin
Daune,Shelba
Lilith,Gaynor
Teddie,Bennie
Imojean,Capello
Kenna,Sacken
Aurore,Bethany
Henriette,Craggie
Kamilah,Kunin
Alia,Richers
Delilah,Ashely
Mady,Rossner
Kary,Kenwood
Shel,Ricarda
Perry,Friede
Evita,Dosia
Viviene,Wallis
Ricky,Solitta
Petronia,Sharl
Carlie,Kamaria
Tobe,Therine
Selia,Peg
Dyann,Raul
Bertine,Flyn
Edyth,Wandie
Olivette,Krystle
Dawn,Milde
Sarette,Garek
Lita,Bigner
Rochette,Weide
Jasmina,Bohlin
Brena,Guildroy
Arlena,Wind
Brianna,Gemini
Binny,Ade
Tera,Keelia
Britni,Septima
Desirae,Nadia
Nannie,Lory
Charmaine,Nedrud
Blinni,Garek
Regina,Wyn
Lauryn,Sandye
Ayn,Forrer
Deloria,Wilona
Genovera,Anis
Arlena,Ventre
Cherrita,Slifka
Adelle,Schenck
Rani,Syd
Aurelie,Loeb
Kristina,Baudin
Lynnea,Hartnett
Allis,Evangelia
Darlleen,Tryck
Celene,Lanita
Chere,Nikaniki
Ronna,Alabaster
Carmela,Natica
Maurene,Leonard
Leanna,Sawtelle
Shel,Joachim
Neila,Tatianas
Joelly,Radu
Marsiella,Loring
Cecile,Margarete
Brynna,Klotz
Ottilie,Clywd
Kalina,Rurik
Amii,Kylander
Frieda,Oriana
Fanny,Kellby
Emilia,Aurelio
Charlena,Elo
Ardys,Peonir
Shirlee,Kevon
Mahalia,Albertine
Merry,Alice
Lexine,Presber
Lynde,Barney
Etta,Jacobah
Noelle,Stelle
Malina,Oneida
Maryellen,Vins
Shandie,Sasnett
Romona,Chobot
Kerrin,Krystle
Madelle,Solitta
Halette,Adore
Tierney,Naashom
Aeriela,Faro
Meg,Pattin
Sibella,Taam
Gisela,Desai
Robinia,Wadell
Meriel,Hanleigh
Karolina,Yusuk
Berget,Alexandr
Candy,Ricki
Audrie,Minetta
Alia,Callista
Jaclyn,Raychel
Charissa,Ophelia
Max,Haerr
Lolita,Ruvolo
Chloris,Jagir
Nita,Brandice
Ketti,Philipp
Clementine,Shelba
Meriel,Zuzana
Susette,Philipp
Lulita,Belanger
Robbi,Ries
Aryn,Gilmour
Maurene,Daveta
Chrystel,Martguerita
Norine,Tryck
Bernardine,Trinetta
Bobbi,Braun
Ayn,Oriana
Carree,Chrystel
Xylina,Millda
Ilse,Duwalt
Marsiella,Jotham
Tori,Rozanna
Oona,Rustice
Kylynn,Alice
Joeann,Berne
Mallory,Ambrosia
Coral,Brenn
Eolanda,Gower
Therine,Florina
Oona,Elvyn
Mildrid,Tybald
Alejandra,Rozanna
Celene,Hourigan
Oona,My
Marinna,Lia
Robinia,Nikaniki
Lenna,Schenck
Madalyn,Lamoree
Briney,Eno
Tiffie,Christine
Dulce,Jalbert
Lynde,Aprile
Genovera,Alcott
Elka,Kiersten
Rebeca,Lenny
Aubrie,Schonfeld
Sissy,Eugenia
Nataline,Atonsah
Averyl,Chinua
Berta,Audly
Ardys,Bennie
Annaliese,Erskine
Elora,Palocz
Nessie,Greyson
Dominga,Baudin
Ana,Martsen
Vevay,Kinnard
Bernie,Khorma
Melodie,Stacy
Celisse,McAdams
Doro,Lilas
Agathe,Ellord
Robbi,Ulphia
Mahalia,Maples
Viki,My
Nerta,Cherianne
Leontine,Frodi
Ottilie,Bach
Georgina,Chapland
Philis,Noelyn
Ernesta,Joni
Tracey,Erminia
Raf,Tound
Joceline,Henebry
Mamie,Hirsch
Myriam,Rossner
Shaine,Wenda
Britte,Bord
Kellen,Emanuel
Michaelina,Saint
Marnia,Lipson
Misha,Primalia
Agathe,Munn
Genovera,Haerr
Ezmeralda,Shirberg
Suzette,Weide
Camile,Wareing
Meghann,Koehler
Briney,Goth
Violet,Loleta
Halette,Remmer
Cherilyn,Grobe
Jackie,Valerio
Annice,Kristi
Leona,Ilka
Cherilyn,Tristram
Kary,Ball
Bernardine,Isidore
Phylis,Rudolph
Molli,Damarra
Janis,Anastatius
Delilah,Graig
Blake,Cleavland
Iseabal,Susannah
Caritta,Pozzy
Latisha,Capello
Gwyneth,Pelagias
Doralynne,Bahr
Althea,Teryn
Bibby,Curren
Barbi,Ortrude
Meghann,Kunin
Roseline,Egbert
Rosene,Gunn
Gerianna,Kravits
Hettie,Harday
Ivett,Waite
Claudina,Knowling
Lynnea,Gino
Adriana,Byrne
Teddie,Kesley
Ebonee,Maples
Alisha,Heidt
Christian,Ilka
Antonietta,Edmund
Sarette,Neils
Rochette,Cimbura
Tonia,Cyrie
Clo,Pauly
Leeanne,Anestassia
Millie,Talia
Georgina,Mullane
Ardeen,Gavrila
Myriam,Maurine
Shaylyn,Chobot
Nerta,Pillsbury
Lexine,Maroney
Shirlee,Irmine
Mallory,Braun
Nollie,Junie
Katleen,Ferrell
Dawn,Mendez
Maryellen,Dyche
Julieta,Fax
Dennie,Leifeste
Harrietta,Whiffen
Leona,Colbert
Mariele,Shaddock
Jany,Kauppi
Larine,Ezar
Genevra,Gamaliel
Nikki,Liebermann
Cecile,Blase
Clementine,Abernon
Pierette,Aida
Kate,Barney
Bettine,Pip
Catrina,Ruvolo
Florencia,Nadia
Dode,Talia
Ardenia,Guildroy
Ottilie,Auberbach
Fina,Toor
Dorothy,Levey
Perry,Codding
Ira,Kenney
Cissiee,Ajay
Alyda,Vins
Larine,Raffo
Dari,Gemini
Ellette,Ellord
Vevay,Jobi
Mary,Leler
Joeann,Munn
Candi,Borrell
Ashlee,Roche
Leona,Jaylene
Mamie,Bobbee
Nariko,Tamar
Perry,Suk
Rhea,Phi
Ardenia,Cimbura
Madelle,Guildroy
Mireielle,Baudin
Michaelina,Raseda
Hyacinthe,Turne
Randa,Melan
Dode,Tound
Elise,Maisey
Jackie,Sheedy
Rosene,Amadas
Ardys,Martsen
Modestia,Craggie
Nessie,Bevin
Meghann,Bettine
Courtnay,Kirstin
Johna,Corrine
Winny,Sekofski
Rani,Nedrud
Alisha,Fiester
Kore,Nea
Jolyn,Birdella
Elyssa,Ricarda
Sallie,Olympium
Amii,Kellby
Emma,Brian
Gilligan,Girardo
Alia,Quent
Harmonia,Winthorpe
Ellette,Alisia
Mariann,Hashim
Bernie,Cordi
Giustina,Christine
Bibby,Lymann
Korrie,Krystle
Danny,Shelba
Pamella,Bandeen
Valeda,Hanleigh
Siana,Thema
Cathyleen,Terencio
Cyndie,Gabrielli
Goldie,Eldrid
Sandie,Graig
Gratia,Capello
Starla,Othilia
Carol-Jean,Juliet
Nananne,Chrystel
Caritta,Llovera
Karolina,Brady
Molli,Whiffen
Kylynn,Kendrick
Vinita,Moseley
Elora,Sheedy
Vere,Cutlerr
Alexine,Jenness
Lanna,Phaidra
Priscilla,Ciapas
Karlee,Fiester
Kaja,Pierette
Kalina,Kosey
Daphne,Buttaro
Teddie,Turne
Hermione,Karylin
Nessie,Danby
Karly,Loleta
Brietta,Iphlgenia
Shandie,Alejoa
Angela,Winthorpe
Jasmina,Tatianas
Morganica,Reneta
Alyssa,Linehan
Sam,Harday
Dacia,Flyn
Glynnis,Eckblad
Lily,Kylander
Kaja,Martguerita
Leanna,Dichy
Imojean,Faria
Clarice,Chandler
Zondra,Yorick
Lonnie,Malvino
Neila,Pelagias
Leontine,Podvin
Jaclyn,Santoro
Flory,Vale
Genovera,Daveta
Bernie,Diann
Drucie,Bach
Merry,Darrell
Christian,Mullane
Katharina,Stacy
Alleen,Ochs
Sonni,Berl
Jenda,Philoo
Lita,Jaylene
Mara,Hylan
Collen,Llovera
Agnese,Bultman
Katuscha,Kosey
Sara-Ann,Stelle
Adore,Gilbertson
Halette,Bearnard
Zia,Love
Joy,Giff
Rebeca,Dreda
Bernardine,Aaberg
Lulita,Bari
Siana,Newell
Cristabel,Fontana
Ada,Jaylene
Joane,Ahab
Nadine,Weitman
Jaime,Rozanna
Penelopa,Japeth
Sadie,Levey
Deane,Callista
Lynde,Rossner
Mathilda,Naashom
Daphne,Munn
Leia,Mallon
Esmeralda,Brunell
Ruthe,Neils
Ebonee,Lewes
Penelopa,Dudley
Dorene,Lubin
Imojean,Atcliffe
Jillayne,Cristi
Kimberley,Paine
Dale,Atcliffe
Katuscha,Janith
Farrah,Gavrila
Sandie,Belldas
Sarette,Emanuel
Nelle,Matthew
Netty,Dorothy
Caressa,Philoo
Concettina,Pelagias
Imojean,Carmena
Wendi,Emerson
Sonni,Revkah
Rebeca,Glovsky
Alameda,Phi
Jemie,Shama
Annaliese,Klotz
Carmencita,Cavan
Johna,Goth
Berget,Bonilla
Carmencita,Klemperer
Marita,Genna
Queenie,Aurelio
Kristan,Tengdin
Cristabel,Dosia
Sam,Henebry
Tressa,Bertold
Leona,Garbe
Ardenia,Mott
Teriann,Edvard
Jsandye,Burkle
Xylina,Bari
Vivia,Pattin
Jolyn,Faso
Karly,Jethro
Paola,Stephie
Hannis,Truc
Livvyy,Dex
Consuela,Francene
Nananne,Zina
Hyacinthe,Lilybelle
Marsiella,Keelia
Rosabelle,Kathie
Phedra,Sacken
Atlanta,Oriana
Trudie,Drisko
Jerry,Heisel
Tani,Codding
Jennica,Hertzfeld
Averyl,Berriman
Deloria,Colyer
Aili,Toffic
Ida,Chobot
Lonnie,Arne
Nyssa,Leopold
Stephanie,Gaulin
Vonny,Truc
Kayla,Ventre
Sean,Pitt
Halette,Quent
Tiffie,Margarete
Marti,Sadowski
Florie,Salchunas
Marsiella,Roche
Corene,Tayib
Gisela,Abbot
Marika,Richers
Annabela,Engdahl
Ivett,Paton
Britte,Naor
Lonnie,Demitria
Agathe,Jary
Adelle,Parsaye
Gerianna,Hull
Augustine,Albertine
Camile,Glenden
Latisha,Trinetta
Tori,Durante
Kassey,Cherianne
Edee,Shelba
Christian,Orelee
Sibella,Pozzy
Aurelie,Land
Keelia,Shields
Aeriela,Freddi
Pollyanna,Mich
Kimberley,Uird
Gloria,Vale
Carly,Ulphia
Riannon,Jarib
Sheree,Klemperer
Kial,My
Roslyn,Yusuk
Nonnah,Berriman
Arabel,Chaing
Etta,Anderea
Ricky,Nicoline
Cassondra,Matthew
Leona,Pacorro
Adelle,Ciapas
Phedra,Bobbee
Lynnea,Truc
Nananne,Mayeda
Darlleen,Masao
Kaia,Camden
Trudie,Amasa
Maye,Gombach
Hannis,Hailee
Linet,Urania
Korrie,Montgomery
Mary,Slifka
Janenna,Saunderson
Dorene,Taima
Ardenia,Jena
Barbara,Paton
Bibby,Orpah
Zia,Elephus
Elmira,Phaidra
Ronna,Sancho
Lucy,Chrystel
Carmela,Herrera
Gertrud,Tice
Nadine,Poppy
Edee,Charmine
Libbie,Raama
Evaleen,Angelis
Florencia,Anestassia
Blinni,Heidt
Rayna,Klotz
Elvira,Septima
Genovera,Melan
Theodora,Ciapas
Tersina,Terencio
Lonnie,Tarrant
Shauna,Jotham
Fina,Xerxes
Clo,Meter
Neila,Carolin
Merrie,Elephus
Gisela,Rosette
Ardys,Gregrory
Juliane,Suk
Carree,Woodberry
Minda,Hirsch
Judy,Flyn
Verla,Lewes
Jere,Sholley
Wileen,Tound
Rosaline,Oster
Verla,Helfand
Jennica,Kress
Chickie,Palocz
Kathy,Voletta
Devina,Shama
Katharina,Louanna
Sam,Vins
Kathi,Etom
Mallory,Creamer
Merci,Margarete
Augustine,Lenny
Daphne,Nance
Agnese,Virgin
Reeba,Buffum
Dotty,Podvin
Vanessa,Terrence
Yvonne,Wyn
Philis,Engdahl
Basia,Zrike
Andeee,Hertzfeld
Marcelline,Even
Clo,Land
Ida,Land
Blake,Parsaye
Dale,Anastatius
Codie,Brandice
Vere,Ruvolo
Suzette,Michella
Laure,Dom
Lynde,Rocray
Atlanta,Durware
Meriel,Maxi
Korrie,Gower
Desirae,Niles
Concettina,Ricki
Cissiee,Maurine
Briney,Schenck
Dolli,Blake
Chere,Genna
Berta,Forrer
Arlena,Bebe
Paule,McCutcheon
Karolina,Cristi
Albertina,Iphlgenia
Roseline,Argus
Julieta,Aldric
Ronna,Toor
Nananne,Adore
Chastity,Ivens
Tybie,Ashok
Anallese,Cloris
Tracey,Boehike
Ingrid,Hebner
Bobbi,Elephus
Yolane,Kauppi
Amii,Yerkovich
Catharine,Viddah
Doro,Vernier
Grier,Konyn
Bertine,Presber
Myriam,Shields
Dominga,Azeria
Caritta,Stephie
Zaria,Cottle
Mary,Genna
Britte,Fiann
Nelle,Selway
Ethel,Slifka
Mary,Martsen
Helsa,Adore
Jan,Fontana
Siana,Rese
Deane,Eachern
Marnia,Pandolfi
Jan,Nore
Gloria,Fry
Meghann,Sancho
Berta,Nedrud
Ayn,Modie
Shauna,Elvyn
Louella,Deegan
Ardeen,Tjon
Cacilie,Kenwood
Winny,Herrera
Rayna,Lewes
Genovera,Brackely
Iseabal,Carvey
Maud,Genna
Ardenia,O'Carroll
Abbie,Jobi
Evita,Alisia
Maye,Talia
Hildegaard,Flyn
Lilith,Georgy
Carree,Riordan
Selma,Alfons
Abbie,Marijo
Jorry,Byrne
Roz,Penelopa
Modestia,Bivins
Leeanne,Georas
Bobinette,Daniele
Merry,Kirbee
Ekaterina,Noelyn
Josephine,Dominy
Brietta,Hailee
Keelia,Rurik
Orsola,Kravits
Sheree,Eldrid
Ronna,Rodmann
Audrie,Lamoree
Tiffie,Aurelio
Celene,Pauly
Winifred,Penelopa
Amalie,Gilmour
Renae,Berard
Jasmina,Serilda
Dyann,Dreda
Coral,Danby
Lonnie,Nickola
Esmeralda,Aprile
Lorie,Gower
Lanna,Eachern
Gianina,Minetta
Riannon,Brunell
Mellicent,Lia
Mireielle,Lynn
Augustine,Holtz
Debee,Maples
Robinia,Elsinore
Valli,Mehalek
Chrystel,Orlene
Valeda,Waite
Nariko,Brittani
Beverley,Miru
Eugine,Oriana
Dode,Joeann
Gilda,Korey
Roseline,Kauppi
Tobe,Bevin
Kittie,An
Emmey,Cleavland
Tera,Pattin
Charlena,Kauppi
Frances,Simmonds
Elyssa,Olin
Ilse,Adalbert
Lila,Greyson
Rhoda,Sasnett
Janey,Roscoe
Margette,Sadowski
Kelly,Jaylene
Nadine,Aldric
Dulce,Hylan
Vivia,Francene
Hildegaard,Atonsah
Kate,Schlosser
Shannah,Colyer
Belinda,Arley
Nelle,Yoko
Rosaline,Rubie
Fayre,Estella
Tierney,Astra
Shel,Juan
Trudie,Couture
Renie,Sholley
Agnese,Karylin
Augustine,Redmond
Jinny,Wind
Leontine,Darian
Asia,Alejoa
Carol-Jean,Hachmin
Deirdre,Persse
Lyssa,Magdalen
Lynea,Cohdwell
Priscilla,Brian
Julieta,Freddi
Lexine,Publia
Tybie,Gwenore
Frieda,Marlie
Aurelie,Jalbert
Dulcinea,Sperling
Daphne,Guildroy
Livvyy,Ephrem
Gertrud,Jagir
Sashenka,Adore
Camile,An
Nita,Erb
Daphne,Gabrielli
Trixi,Loeb
Tomasina,Clywd
Brena,Thunell
Gretal,Ashely
Emilia,Cavan
Georgina,Sibyls
Brana,Minetta
Vita,Horan
Mallory,Tamsky
Vita,Rosemary
Karina,Joni
Chastity,Creamer
Therine,Maisey
Edyth,Rheingold
Augustine,Emmaline
Tani,Redmond
Michaelina,Magnolia
Carlie,Jillane
Georgina,Tomasina
Cathie,Bettine
Tomasina,Pettiford
Morganica,Medrek
Dorene,Germann
Felice,Dunkin
Alie,Dearborn
Betta,Tengdin
Tarra,Margarete
Robinia,Japeth
Jere,McLaughlin
Florencia,Hilbert
Lorenza,Vary
Corly,Bevin
Maisey,Dudley
Shirlee,Thema
Marylou,Parsaye
Kittie,Darrell
Vinita,Ochs
Addia,Wooster
June,Malvino
Sadie,Flita
Nyssa,Alcott
Priscilla,Tamar
Sharai,Wildermuth
Myrtice,Raffo
Rosene,Margret
Daphne,Cimbura
Cam,Joli
Drucie,Uird
Marti,Newell
Ilse,Justinn
Dacia,Sheng
Anica,Emmy
Ketti,Jethro
Kore,Dash
Nadine,Poppy
Moyna,Zrike
Karlee,Meter
Aubrie,Pernick
Josephine,Mayeda
Maud,Emmaline
Vanessa,Darbie
Libbie,Karl
Charissa,Fitzsimmons
Corina,Mintz
Petronia,Jorgan
Tina,Ludewig
Alyda,Adrienne
Judy,Sophronia
June,Truc
Rubie,Ilka